TIME,BLINK_CNT,EAR,TIME_ELP,BLNKRATE,TIME,TIME,BLNKRATE,BLINK_CNT,,,,,,,,,,
26:31.2,1,0.23,10,6,13:26:31,13:26:31,6,1,,,,,,,,,,
26:32.9,2,0.21,11,11,13:26:33,13:26:33,11,2,,,,,,,,,,
26:33.7,3,0.23,12,15,13:26:34,13:26:34,15,3,,,,,,,,,Row Labels,Average of BLNKRATE
26:34.0,4,0.22,12,19,13:26:34,13:26:34,19,4,,,,,,,,,13:26:31,6
26:34.2,5,0.22,13,24,13:26:34,13:26:34,24,5,,,,,,,,,13:26:33,11
26:35.2,6,0.23,14,26,13:26:35,13:26:35,26,6,,,,,,,,,13:26:34,19.33333333
26:36.6,7,0.23,15,28,13:26:37,13:26:37,28,7,,,,,,,,,13:26:35,26
26:37.6,8,0.23,16,30,13:26:38,13:26:38,30,8,,,,,,,,,13:26:37,28
26:37.8,9,0.22,16,33,13:26:38,13:26:38,33,9,,,,,,,,,13:26:38,36.6
26:37.9,10,0.22,16,37,13:26:38,13:26:38,37,10,,,,,,,,,13:26:39,50.25
26:38.2,11,0.23,17,40,13:26:38,13:26:38,40,11,,,,,,,,,13:26:40,58.66666667
26:38.3,12,0.22,17,43,13:26:38,13:26:38,43,12,,,,,,,,,13:26:41,62
26:38.6,13,0.22,17,46,13:26:39,13:26:39,46,13,,,,,,,,,13:26:43,62
26:38.9,14,0.23,17,49,13:26:39,13:26:39,49,14,,,,,,,,,13:26:44,63.5
26:39.0,15,0.23,17,52,13:26:39,13:26:39,52,15,,,,,,,,,13:26:45,63
26:39.4,16,0.22,18,54,13:26:39,13:26:39,54,16,,,,,,,,,13:26:46,64.5
26:39.7,17,0.22,18,56,13:26:40,13:26:40,56,17,,,,,,,,,13:26:47,67.5
26:39.8,18,0.21,18,59,13:26:40,13:26:40,59,18,,,,,,,,,13:26:48,71.25
26:40.2,19,0.22,19,61,13:26:40,13:26:40,61,19,,,,,,,,,13:26:49,75
26:41.3,20,0.22,20,61,13:26:41,13:26:41,61,20,,,,,,,,,13:26:51,74
26:41.5,21,0.22,20,63,13:26:41,13:26:41,63,21,,,,,,,,,13:26:52,75
26:42.9,22,0.22,21,62,13:26:43,13:26:43,62,22,,,,,,,,,13:26:53,77
26:43.5,23,0.22,22,63,13:26:44,13:26:44,63,23,,,,,,,,,13:26:54,81
26:44.2,24,0.22,23,64,13:26:44,13:26:44,64,24,,,,,,,,,13:26:55,87
26:45.2,25,0.23,24,63,13:26:45,13:26:45,63,25,,,,,,,,,13:26:56,92.4
26:45.9,26,0.23,24,64,13:26:46,13:26:46,64,26,,,,,,,,,13:26:57,96.66666667
26:46.5,27,0.22,25,65,13:26:46,13:26:46,65,27,,,,,,,,,13:26:58,96
26:46.8,28,0.23,25,67,13:26:47,13:26:47,67,28,,,,,,,,,13:26:59,97.5
26:47.3,29,0.21,26,68,13:26:47,13:26:47,68,29,,,,,,,,,13:27:00,97
26:47.9,30,0.21,26,68,13:26:48,13:26:48,68,30,,,,,,,,,13:27:03,91
26:48.0,31,0.19,26,71,13:26:48,13:26:48,71,31,,,,,,,,,13:27:04,91.5
26:48.3,32,0.22,27,72,13:26:48,13:26:48,72,32,,,,,,,,,13:27:05,90
26:48.5,33,0.22,27,74,13:26:48,13:26:48,74,33,,,,,,,,,13:27:06,91
26:49.0,34,0.22,27,74,13:26:49,13:26:49,74,34,,,,,,,,,13:27:07,91.5
26:49.1,35,0.23,28,76,13:26:49,13:26:49,76,35,,,,,,,,,13:27:08,91
26:51.0,36,0.23,29,73,13:26:51,13:26:51,73,36,,,,,,,,,13:27:09,92.33333333
26:51.3,37,0.23,30,75,13:26:51,13:26:51,75,37,,,,,,,,,13:27:10,94
26:52.1,38,0.23,31,75,13:26:52,13:26:52,75,38,,,,,,,,,13:27:11,95
26:52.5,39,0.23,31,76,13:26:53,13:26:53,76,39,,,,,,,,,13:27:13,94
26:52.9,40,0.22,31,77,13:26:53,13:26:53,77,40,,,,,,,,,13:27:14,95
26:53.2,41,0.21,32,78,13:26:53,13:26:53,78,41,,,,,,,,,13:27:15,94
26:53.8,42,0.21,32,78,13:26:54,13:26:54,78,42,,,,,,,,,13:27:16,95.6
26:54.0,43,0.21,32,80,13:26:54,13:26:54,80,43,,,,,,,,,13:27:17,99.25
26:54.2,44,0.21,33,81,13:26:54,13:26:54,81,44,,,,,,,,,13:27:18,101.5
26:54.3,45,0.21,33,82,13:26:54,13:26:54,82,45,,,,,,,,,13:27:19,104.4
26:54.5,46,0.23,33,84,13:26:54,13:26:54,84,46,,,,,,,,,13:27:20,106.6666667
26:54.7,47,0.21,33,85,13:26:55,13:26:55,85,47,,,,,,,,,13:27:21,108.3333333
26:54.8,48,0.22,33,87,13:26:55,13:26:55,87,48,,,,,,,,,13:27:22,109
26:55.2,49,0.21,34,87,13:26:55,13:26:55,87,49,,,,,,,,,13:27:23,110.4
26:55.4,50,0.21,34,89,13:26:55,13:26:55,89,50,,,,,,,,,13:27:24,112.75
26:55.6,51,0.23,34,90,13:26:56,13:26:56,90,51,,,,,,,,,13:27:25,113.5
26:55.8,52,0.23,34,91,13:26:56,13:26:56,91,52,,,,,,,,,13:27:26,113
26:56.0,53,0.2,34,92,13:26:56,13:26:56,92,53,,,,,,,,,13:27:27,114
26:56.2,54,0.21,35,94,13:26:56,13:26:56,94,54,,,,,,,,,13:27:28,116.25
26:56.4,55,0.21,35,95,13:26:56,13:26:56,95,55,,,,,,,,,13:27:29,117.3333333
26:56.7,56,0.23,35,96,13:26:57,13:26:57,96,56,,,,,,,,,13:27:30,118
26:57.1,57,0.23,36,96,13:26:57,13:26:57,96,57,,,,,,,,,13:27:31,119.5
26:57.2,58,0.21,36,98,13:26:57,13:26:57,98,58,,,,,,,,,13:27:32,120.5
26:58.4,59,0.23,37,96,13:26:58,13:26:58,96,59,,,,,,,,,13:27:33,121
26:58.6,60,0.22,37,97,13:26:59,13:26:59,97,60,,,,,,,,,13:27:34,120.6666667
26:59.0,61,0.22,37,98,13:26:59,13:26:59,98,61,,,,,,,,,13:27:35,123.3333333
26:59.9,62,0.23,38,97,13:27:00,13:27:00,97,62,,,,,,,,,13:27:37,123
27:03.1,63,0.22,42,91,13:27:03,13:27:03,91,63,,,,,,,,,13:27:38,123
27:03.8,64,0.21,42,91,13:27:04,13:27:04,91,64,,,,,,,,,13:27:39,123.6666667
27:04.1,65,0.21,42,92,13:27:04,13:27:04,92,65,,,,,,,,,13:27:40,123
27:05.4,66,0.2,44,90,13:27:05,13:27:05,90,66,,,,,,,,,13:27:41,122
27:05.7,67,0.16,44,91,13:27:06,13:27:06,91,67,,,,,,,,,13:27:42,121.6666667
27:06.2,68,0.22,45,91,13:27:06,13:27:06,91,68,,,,,,,,,13:27:43,123
27:06.9,69,0.22,45,91,13:27:07,13:27:07,91,69,,,,,,,,,13:27:44,122
27:07.4,70,0.2,46,92,13:27:07,13:27:07,92,70,,,,,,,,,13:27:45,121
27:08.2,71,0.21,47,91,13:27:08,13:27:08,91,71,,,,,,,,,13:27:46,121
27:08.6,72,0.18,47,92,13:27:09,13:27:09,92,72,,,,,,,,,13:27:47,121
27:08.9,73,0.22,47,92,13:27:09,13:27:09,92,73,,,,,,,,,13:27:48,121.5
27:09.5,74,0.19,48,93,13:27:09,13:27:09,93,74,,,,,,,,,13:27:49,121.75
27:09.8,75,0.22,48,93,13:27:10,13:27:10,93,75,,,,,,,,,13:27:50,123
27:10.0,76,0.22,48,94,13:27:10,13:27:10,94,76,,,,,,,,,13:27:51,123
27:10.2,77,0.22,49,95,13:27:10,13:27:10,95,77,,,,,,,,,13:27:52,122
27:10.8,78,0.2,49,95,13:27:11,13:27:11,95,78,,,,,,,,,13:27:53,122.25
27:11.4,79,0.17,50,95,13:27:11,13:27:11,95,79,,,,,,,,,13:27:54,123.5
27:13.0,80,0.23,51,93,13:27:13,13:27:13,93,80,,,,,,,,,13:27:55,125
27:13.1,81,0.23,52,94,13:27:13,13:27:13,94,81,,,,,,,,,13:27:56,125
27:13.3,82,0.23,52,95,13:27:13,13:27:13,95,82,,,,,,,,,13:28:00,122.6
27:13.9,83,0.23,52,95,13:27:14,13:27:14,95,83,,,,,,,,,13:28:01,124
27:15.4,84,0.23,54,94,13:27:15,13:27:15,94,84,,,,,,,,,13:28:02,124.3333333
27:15.6,85,0.22,54,94,13:27:16,13:27:16,94,85,,,,,,,,,13:28:03,124
27:15.8,86,0.22,54,95,13:27:16,13:27:16,95,86,,,,,,,,,13:28:04,124
27:16.1,87,0.22,55,96,13:27:16,13:27:16,96,87,,,,,,,,,13:28:05,123.5
27:16.4,88,0.22,55,96,13:27:16,13:27:16,96,88,,,,,,,,,13:28:06,123
27:16.5,89,0.23,55,97,13:27:16,13:27:16,97,89,,,,,,,,,13:28:07,123.3333333
27:16.7,90,0.21,55,98,13:27:17,13:27:17,98,90,,,,,,,,,13:28:09,122
27:16.9,91,0.23,55,99,13:27:17,13:27:17,99,91,,,,,,,,,13:28:10,122.5
27:17.0,92,0.22,55,100,13:27:17,13:27:17,100,92,,,,,,,,,13:28:11,123
27:17.5,93,0.23,56,100,13:27:17,13:27:17,100,93,,,,,,,,,13:28:12,122.5
27:17.7,94,0.22,56,100,13:27:18,13:27:18,100,94,,,,,,,,,13:28:13,123
27:17.8,95,0.22,56,101,13:27:18,13:27:18,101,95,,,,,,,,,13:28:14,123
27:18.1,96,0.22,57,102,13:27:18,13:27:18,102,96,,,,,,,,,13:28:15,122
27:18.2,97,0.23,57,103,13:27:18,13:27:18,103,97,,,,,,,,,13:28:16,122.3333333
27:18.6,98,0.22,57,103,13:27:19,13:27:19,103,98,,,,,,,,,13:28:17,123
27:18.8,99,0.2,57,104,13:27:19,13:27:19,104,99,,,,,,,,,13:28:18,123
27:19.2,100,0.21,58,104,13:27:19,13:27:19,104,100,,,,,,,,,13:28:19,123.25
27:19.3,101,0.22,58,105,13:27:19,13:27:19,105,101,,,,,,,,,13:28:20,124
27:19.4,102,0.22,58,106,13:27:19,13:27:19,106,102,,,,,,,,,13:28:21,124
27:19.9,103,0.21,58,106,13:27:20,13:27:20,106,103,,,,,,,,,13:28:22,124.5
27:20.1,104,0.21,58,107,13:27:20,13:27:20,107,104,,,,,,,,,13:28:23,125
27:20.2,105,0.23,59,107,13:27:20,13:27:20,107,105,,,,,,,,,13:28:24,125.8
27:20.7,106,0.22,59,108,13:27:21,13:27:21,108,106,,,,,,,,,13:28:25,127
27:21.1,107,0.2,59,108,13:27:21,13:27:21,108,107,,,,,,,,,13:28:26,126
27:21.3,108,0.22,60,109,13:27:21,13:27:21,109,108,,,,,,,,,13:28:27,125.6666667
27:21.6,109,0.22,60,109,13:27:22,13:27:22,109,109,,,,,,,,,13:28:28,126
27:22.0,110,0.19,60,109,13:27:22,13:27:22,109,110,,,,,,,,,13:28:29,127
27:22.6,111,0.22,61,109,13:27:23,13:27:23,109,111,,,,,,,,,13:28:30,127
27:22.8,112,0.22,61,110,13:27:23,13:27:23,110,112,,,,,,,,,13:28:32,126
27:23.0,113,0.23,61,110,13:27:23,13:27:23,110,113,,,,,,,,,13:28:33,126
27:23.3,114,0.22,62,111,13:27:23,13:27:23,111,114,,,,,,,,,13:28:34,126
27:23.5,115,0.22,62,112,13:27:23,13:27:23,112,115,,,,,,,,,13:28:35,126
27:23.7,116,0.23,62,112,13:27:24,13:27:24,112,116,,,,,,,,,13:28:36,126
27:24.1,117,0.22,62,112,13:27:24,13:27:24,112,117,,,,,,,,,13:28:37,126
27:24.2,118,0.22,63,113,13:27:24,13:27:24,113,118,,,,,,,,,13:28:38,126
27:24.3,119,0.19,63,114,13:27:24,13:27:24,114,119,,,,,,,,,13:28:39,126.5
27:25.2,120,0.22,64,113,13:27:25,13:27:25,113,120,,,,,,,,,13:28:41,125
27:25.4,121,0.23,64,114,13:27:25,13:27:25,114,121,,,,,,,,,13:28:42,125
27:26.3,122,0.22,65,113,13:27:26,13:27:26,113,122,,,,,,,,,13:28:43,125
27:26.7,123,0.23,65,113,13:27:27,13:27:27,113,123,,,,,,,,,13:28:44,124.5
27:26.8,124,0.22,65,114,13:27:27,13:27:27,114,124,,,,,,,,,13:28:45,125
27:27.1,125,0.22,66,114,13:27:27,13:27:27,114,125,,,,,,,,,13:28:46,125.25
27:27.4,126,0.21,66,115,13:27:27,13:27:27,115,126,,,,,,,,,13:28:47,126
27:27.6,127,0.21,66,115,13:27:28,13:27:28,115,127,,,,,,,,,13:28:48,126
27:27.7,128,0.21,66,116,13:27:28,13:27:28,116,128,,,,,,,,,13:28:49,126
27:27.9,129,0.22,66,117,13:27:28,13:27:28,117,129,,,,,,,,,13:28:50,126
27:28.2,130,0.22,67,117,13:27:28,13:27:28,117,130,,,,,,,,,13:28:51,126
27:29.0,131,0.22,67,117,13:27:29,13:27:29,117,131,,,,,,,,,13:28:52,126.8333333
27:29.1,132,0.21,68,117,13:27:29,13:27:29,117,132,,,,,,,,,13:28:53,128
27:29.4,133,0.23,68,118,13:27:29,13:27:29,118,133,,,,,,,,,13:28:54,128
27:29.7,134,0.22,68,118,13:27:30,13:27:30,118,134,,,,,,,,,13:28:55,127
27:30.3,135,0.22,69,118,13:27:30,13:27:30,118,135,,,,,,,,,13:28:56,127
27:30.4,136,0.22,69,118,13:27:30,13:27:30,118,136,,,,,,,,,13:28:57,127
27:30.6,137,0.23,69,119,13:27:31,13:27:31,119,137,,,,,,,,,13:28:58,128
27:30.9,138,0.22,69,119,13:27:31,13:27:31,119,138,,,,,,,,,13:28:59,128
27:31.3,139,0.21,70,120,13:27:31,13:27:31,120,139,,,,,,,,,13:29:00,128.5
27:31.5,140,0.23,70,120,13:27:31,13:27:31,120,140,,,,,,,,,13:29:01,129.6666667
27:32.0,141,0.21,70,120,13:27:32,13:27:32,120,141,,,,,,,,,13:29:02,130
27:32.2,142,0.22,71,121,13:27:32,13:27:32,121,142,,,,,,,,,13:29:04,129.25
27:32.7,143,0.22,71,121,13:27:33,13:27:33,121,143,,,,,,,,,13:29:05,130
27:33.1,144,0.22,72,121,13:27:33,13:27:33,121,144,,,,,,,,,13:29:06,130
27:33.6,145,0.23,72,121,13:27:34,13:27:34,121,145,,,,,,,,,13:29:07,130.75
27:34.3,146,0.21,73,120,13:27:34,13:27:34,120,146,,,,,,,,,13:29:08,131.75
27:34.4,147,0.22,73,121,13:27:34,13:27:34,121,147,,,,,,,,,13:29:09,132
27:34.5,148,0.22,73,122,13:27:35,13:27:35,122,148,,,,,,,,,13:29:10,132
27:34.6,149,0.23,73,122,13:27:35,13:27:35,122,149,,,,,,,,,13:29:11,132.75
27:34.7,150,0.22,73,123,13:27:35,13:27:35,123,150,,,,,,,,,13:29:12,133
27:34.9,151,0.22,73,124,13:27:35,13:27:35,124,151,,,,,,,,,13:29:13,133
27:35.0,152,0.22,73,124,13:27:35,13:27:35,124,152,,,,,,,,,13:29:14,134
27:35.2,153,0.22,74,125,13:27:35,13:27:35,125,153,,,,,,,,,13:29:15,133
27:36.7,154,0.23,75,123,13:27:37,13:27:37,123,154,,,,,,,,,13:29:16,133.25
27:37.4,155,0.22,76,123,13:27:37,13:27:37,123,155,,,,,,,,,13:29:17,133
27:37.7,156,0.23,76,123,13:27:38,13:27:38,123,156,,,,,,,,,13:29:18,134
27:38.2,157,0.22,77,123,13:27:38,13:27:38,123,157,,,,,,,,,13:29:19,134
27:38.5,158,0.19,77,123,13:27:39,13:27:39,123,158,,,,,,,,,13:29:23,131
27:38.6,159,0.22,77,124,13:27:39,13:27:39,124,159,,,,,,,,,13:29:24,130.5
27:38.7,160,0.21,77,124,13:27:39,13:27:39,124,160,,,,,,,,,13:29:25,131
27:40.1,161,0.23,79,123,13:27:40,13:27:40,123,161,,,,,,,,,13:29:30,128
27:41.4,162,0.22,80,122,13:27:41,13:27:41,122,162,,,,,,,,,13:29:34,125
27:42.1,163,0.22,81,121,13:27:42,13:27:42,121,163,,,,,,,,,13:29:35,125
27:42.3,164,0.22,81,122,13:27:42,13:27:42,122,164,,,,,,,,,13:29:39,123
27:42.5,165,0.21,81,122,13:27:42,13:27:42,122,165,,,,,,,,,13:29:40,122
27:42.6,166,0.21,81,123,13:27:43,13:27:43,123,166,,,,,,,,,13:29:42,121
27:44.0,167,0.23,82,122,13:27:44,13:27:44,122,167,,,,,,,,,13:29:43,122
27:44.4,168,0.23,83,122,13:27:44,13:27:44,122,168,,,,,,,,,13:29:45,120
27:45.3,169,0.23,84,121,13:27:45,13:27:45,121,169,,,,,,,,,13:29:49,118.5
27:45.6,170,0.22,84,121,13:27:46,13:27:46,121,170,,,,,,,,,13:29:50,118
27:46.1,171,0.23,85,121,13:27:46,13:27:46,121,171,,,,,,,,,13:29:51,118
27:46.7,172,0.23,85,121,13:27:47,13:27:47,121,172,,,,,,,,,13:29:52,118
27:47.3,173,0.22,86,121,13:27:47,13:27:47,121,173,,,,,,,,,13:29:53,118
27:47.6,174,0.22,86,121,13:27:48,13:27:48,121,174,,,,,,,,,13:29:55,117
27:47.8,175,0.22,86,122,13:27:48,13:27:48,122,175,,,,,,,,,13:29:56,117
27:48.5,176,0.22,87,121,13:27:49,13:27:49,121,176,,,,,,,,,13:29:57,117
27:48.6,177,0.22,87,122,13:27:49,13:27:49,122,177,,,,,,,,,13:29:58,117
27:48.9,178,0.22,87,122,13:27:49,13:27:49,122,178,,,,,,,,,13:29:59,117.25
27:49.4,179,0.2,88,122,13:27:49,13:27:49,122,179,,,,,,,,,13:30:00,117
27:49.6,180,0.21,88,123,13:27:50,13:27:50,123,180,,,,,,,,,13:30:01,118
27:50.0,181,0.19,88,123,13:27:50,13:27:50,123,181,,,,,,,,,13:30:02,118
27:50.1,182,0.21,89,123,13:27:50,13:27:50,123,182,,,,,,,,,13:30:03,118
27:50.7,183,0.23,89,123,13:27:51,13:27:51,123,183,,,,,,,,,13:30:04,118
27:51.8,184,0.19,90,122,13:27:52,13:27:52,122,184,,,,,,,,,13:30:05,117
27:52.6,185,0.22,91,122,13:27:53,13:27:53,122,185,,,,,,,,,13:30:07,116.5
27:53.2,186,0.17,92,122,13:27:53,13:27:53,122,186,,,,,,,,,13:30:08,117
27:53.2,187,0.22,92,122,13:27:53,13:27:53,122,187,,,,,,,,,13:30:09,117
27:53.4,188,0.22,92,123,13:27:53,13:27:53,123,188,,,,,,,,,13:30:10,117
27:53.6,189,0.23,92,123,13:27:54,13:27:54,123,189,,,,,,,,,13:30:14,116
27:53.9,190,0.23,92,123,13:27:54,13:27:54,123,190,,,,,,,,,13:30:16,115
27:54.1,191,0.2,93,124,13:27:54,13:27:54,124,191,,,,,,,,,13:30:17,115.25
27:54.4,192,0.22,93,124,13:27:54,13:27:54,124,192,,,,,,,,,13:30:18,116
27:54.6,193,0.23,93,124,13:27:55,13:27:55,124,193,,,,,,,,,13:30:19,115
27:54.8,194,0.22,93,125,13:27:55,13:27:55,125,194,,,,,,,,,13:30:20,115.5
27:55.0,195,0.19,93,125,13:27:55,13:27:55,125,195,,,,,,,,,13:30:21,115
27:55.1,196,0.23,94,126,13:27:55,13:27:55,126,196,,,,,,,,,13:30:22,115
27:55.9,197,0.2,94,125,13:27:56,13:27:56,125,197,,,,,,,,,13:30:23,115
27:56.3,198,0.18,95,125,13:27:56,13:27:56,125,198,,,,,,,,,13:30:24,115
27:59.6,199,0.2,98,122,13:28:00,13:28:00,122,199,,,,,,,,,13:30:25,115
27:59.9,200,0.21,98,122,13:28:00,13:28:00,122,200,,,,,,,,,13:30:26,115.4
28:00.0,201,0.2,98,123,13:28:00,13:28:00,123,201,,,,,,,,,13:30:27,116
28:00.2,202,0.21,99,123,13:28:00,13:28:00,123,202,,,,,,,,,13:30:28,116.75
28:00.5,203,0.22,99,123,13:28:00,13:28:00,123,203,,,,,,,,,13:30:30,116
28:00.6,204,0.18,99,124,13:28:01,13:28:01,124,204,,,,,,,,,13:30:31,116
28:01.0,205,0.23,99,124,13:28:01,13:28:01,124,205,,,,,,,,,13:30:32,117
28:01.2,206,0.22,100,124,13:28:01,13:28:01,124,206,,,,,,,,,13:30:33,117
28:01.6,207,0.22,100,124,13:28:02,13:28:02,124,207,,,,,,,,,13:30:34,117
28:01.8,208,0.19,100,124,13:28:02,13:28:02,124,208,,,,,,,,,13:30:35,117
28:02.1,209,0.22,100,125,13:28:02,13:28:02,125,209,,,,,,,,,13:30:36,117
28:03.0,210,0.22,101,124,13:28:03,13:28:03,124,210,,,,,,,,,13:30:37,117
28:03.6,211,0.21,102,124,13:28:04,13:28:04,124,211,,,,,,,,,13:30:38,117.25
28:04.5,212,0.22,103,124,13:28:04,13:28:04,124,212,,,,,,,,,13:30:40,117
28:05.1,213,0.18,103,123,13:28:05,13:28:05,123,213,,,,,,,,,13:30:41,117
28:05.5,214,0.23,104,124,13:28:05,13:28:05,124,214,,,,,,,,,13:30:42,117
28:06.0,215,0.21,104,123,13:28:06,13:28:06,123,215,,,,,,,,,13:30:43,117
28:06.8,216,0.23,105,123,13:28:07,13:28:07,123,216,,,,,,,,,13:30:44,117
28:07.0,217,0.22,105,123,13:28:07,13:28:07,123,217,,,,,,,,,13:30:45,117
28:07.1,218,0.23,106,124,13:28:07,13:28:07,124,218,,,,,,,,,13:30:46,117.25
28:09.0,219,0.18,107,122,13:28:09,13:28:09,122,219,,,,,,,,,13:30:47,118.1666667
28:09.3,220,0.23,108,122,13:28:09,13:28:09,122,220,,,,,,,,,13:30:48,119
28:09.6,221,0.22,108,123,13:28:10,13:28:10,123,221,,,,,,,,,13:30:49,118.6666667
28:10.4,222,0.22,109,122,13:28:10,13:28:10,122,222,,,,,,,,,13:30:50,119
28:10.5,223,0.21,109,123,13:28:11,13:28:11,123,223,,,,,,,,,13:30:51,119
28:11.6,224,0.23,110,122,13:28:12,13:28:12,122,224,,,,,,,,,13:30:52,119
28:11.8,225,0.21,110,122,13:28:12,13:28:12,122,225,,,,,,,,,13:30:53,119
28:12.0,226,0.19,110,123,13:28:12,13:28:12,123,226,,,,,,,,,13:30:54,119
28:12.3,227,0.21,111,123,13:28:12,13:28:12,123,227,,,,,,,,,13:30:55,119.6666667
28:12.7,228,0.21,111,123,13:28:13,13:28:13,123,228,,,,,,,,,13:30:56,120
28:13.3,229,0.19,112,123,13:28:13,13:28:13,123,229,,,,,,,,,13:30:57,120
28:13.8,230,0.2,112,123,13:28:14,13:28:14,123,230,,,,,,,,,13:30:59,120
28:15.1,231,0.2,113,122,13:28:15,13:28:15,122,231,,,,,,,,,13:31:00,119
28:15.7,232,0.22,114,122,13:28:16,13:28:16,122,232,,,,,,,,,13:31:01,119
28:15.9,233,0.18,114,122,13:28:16,13:28:16,122,233,,,,,,,,,13:31:02,119.25
28:16.1,234,0.2,115,123,13:28:16,13:28:16,123,234,,,,,,,,,13:31:03,120
28:16.5,235,0.22,115,123,13:28:17,13:28:17,123,235,,,,,,,,,13:31:04,120
28:16.6,236,0.21,115,123,13:28:17,13:28:17,123,236,,,,,,,,,13:31:05,120
28:17.4,237,0.22,116,123,13:28:17,13:28:17,123,237,,,,,,,,,13:31:07,120
28:17.9,238,0.19,116,123,13:28:18,13:28:18,123,238,,,,,,,,,13:31:08,120
28:18.2,239,0.2,117,123,13:28:18,13:28:18,123,239,,,,,,,,,13:31:09,120
28:18.6,240,0.18,117,123,13:28:19,13:28:19,123,240,,,,,,,,,13:31:11,120
28:19.1,241,0.22,118,123,13:28:19,13:28:19,123,241,,,,,,,,,13:31:12,120
28:19.3,242,0.21,118,123,13:28:19,13:28:19,123,242,,,,,,,,,13:31:13,120.8
28:19.4,243,0.21,118,124,13:28:19,13:28:19,124,243,,,,,,,,,13:31:14,121
28:20.0,244,0.22,118,124,13:28:20,13:28:20,124,244,,,,,,,,,13:31:20,119
28:20.4,245,0.2,119,124,13:28:20,13:28:20,124,245,,,,,,,,,13:31:22,118.75
28:20.5,246,0.21,119,124,13:28:20,13:28:20,124,246,,,,,,,,,13:31:23,119.2
28:21.0,247,0.2,119,124,13:28:21,13:28:21,124,247,,,,,,,,,13:31:24,120
28:21.5,248,0.22,120,124,13:28:22,13:28:22,124,248,,,,,,,,,13:31:25,120
28:21.7,249,0.22,120,124,13:28:22,13:28:22,124,249,,,,,,,,,13:31:26,120
28:21.9,250,0.22,120,125,13:28:22,13:28:22,125,250,,,,,,,,,13:31:27,120
28:22.3,251,0.21,121,125,13:28:22,13:28:22,125,251,,,,,,,,,13:31:28,120
28:22.7,252,0.2,121,125,13:28:23,13:28:23,125,252,,,,,,,,,13:31:29,120.5
28:23.0,253,0.19,121,125,13:28:23,13:28:23,125,253,,,,,,,,,13:31:30,121
28:23.4,254,0.22,122,125,13:28:23,13:28:23,125,254,,,,,,,,,13:31:31,121
28:23.5,255,0.2,122,125,13:28:24,13:28:24,125,255,,,,,,,,,13:31:32,121
28:23.8,256,0.2,122,126,13:28:24,13:28:24,126,256,,,,,,,,,13:31:33,121
28:24.0,257,0.22,122,126,13:28:24,13:28:24,126,257,,,,,,,,,13:31:37,119.5
28:24.4,258,0.21,123,126,13:28:24,13:28:24,126,258,,,,,,,,,13:31:38,120
28:24.5,259,0.2,123,126,13:28:24,13:28:24,126,259,,,,,,,,,13:31:39,120
28:24.8,260,0.23,123,127,13:28:25,13:28:25,127,260,,,,,,,,,13:31:40,120
28:25.6,261,0.2,124,126,13:28:26,13:28:26,126,261,,,,,,,,,13:31:41,119
28:27.0,262,0.2,125,125,13:28:27,13:28:27,125,262,,,,,,,,,13:31:42,119
28:27.3,263,0.2,126,126,13:28:27,13:28:27,126,263,,,,,,,,,13:31:43,119.5
28:27.5,264,0.22,126,126,13:28:27,13:28:27,126,264,,,,,,,,,13:31:44,120
28:28.0,265,0.22,126,126,13:28:28,13:28:28,126,265,,,,,,,,,13:31:45,120.5
28:28.1,266,0.18,127,126,13:28:28,13:28:28,126,266,,,,,,,,,13:31:46,121
28:28.4,267,0.21,127,126,13:28:28,13:28:28,126,267,,,,,,,,,13:31:47,121
28:28.5,268,0.22,127,127,13:28:29,13:28:29,127,268,,,,,,,,,13:31:54,119
28:28.7,269,0.2,127,127,13:28:29,13:28:29,127,269,,,,,,,,,13:32:02,116
28:29.0,270,0.21,127,127,13:28:29,13:28:29,127,270,,,,,,,,,13:32:03,116
28:29.5,271,0.2,128,127,13:28:30,13:28:30,127,271,,,,,,,,,13:32:04,116
28:29.6,272,0.2,128,127,13:28:30,13:28:30,127,272,,,,,,,,,13:32:05,116
28:31.7,273,0.19,130,126,13:28:32,13:28:32,126,273,,,,,,,,,13:32:07,116
28:31.9,274,0.2,130,126,13:28:32,13:28:32,126,274,,,,,,,,,13:32:08,116.5
28:32.3,275,0.22,131,126,13:28:32,13:28:32,126,275,,,,,,,,,13:32:09,117
28:33.1,276,0.18,132,126,13:28:33,13:28:33,126,276,,,,,,,,,13:32:10,117
28:33.9,277,0.22,132,126,13:28:34,13:28:34,126,277,,,,,,,,,13:32:11,117
28:34.2,278,0.2,133,126,13:28:34,13:28:34,126,278,,,,,,,,,13:32:12,117
28:34.4,279,0.2,133,126,13:28:34,13:28:34,126,279,,,,,,,,,13:32:13,117
28:35.3,280,0.21,134,126,13:28:35,13:28:35,126,280,,,,,,,,,13:32:14,117
28:35.8,281,0.19,134,126,13:28:36,13:28:36,126,281,,,,,,,,,13:32:15,117
28:36.3,282,0.22,135,126,13:28:36,13:28:36,126,282,,,,,,,,,13:32:19,116
28:36.8,283,0.18,135,126,13:28:37,13:28:37,126,283,,,,,,,,,13:38:38,213.3333333
28:37.0,284,0.22,135,126,13:28:37,13:28:37,126,284,,,,,,,,,13:38:42,59
28:37.2,285,0.21,136,126,13:28:37,13:28:37,126,285,,,,,,,,,13:38:44,58
28:37.3,286,0.22,136,126,13:28:37,13:28:37,126,286,,,,,,,,,13:38:47,51
28:37.8,287,0.2,136,126,13:28:38,13:28:38,126,287,,,,,,,,,13:38:52,42.5
28:38.7,288,0.23,137,126,13:28:39,13:28:39,126,288,,,,,,,,,13:38:53,50
28:38.8,289,0.22,137,126,13:28:39,13:28:39,126,289,,,,,,,,,13:38:54,56
28:39.1,290,0.22,137,127,13:28:39,13:28:39,127,290,,,,,,,,,13:39:02,39
28:39.2,291,0.22,138,127,13:28:39,13:28:39,127,291,,,,,,,,,13:39:03,41.5
28:41.4,292,0.23,140,125,13:28:41,13:28:41,125,292,,,,,,,,,13:39:06,40
28:41.7,293,0.23,140,125,13:28:42,13:28:42,125,293,,,,,,,,,13:39:07,41
28:43.0,294,0.22,141,125,13:28:43,13:28:43,125,294,,,,,,,,,13:39:10,39
28:43.3,295,0.23,142,125,13:28:43,13:28:43,125,295,,,,,,,,,13:39:12,38
28:44.3,296,0.22,143,124,13:28:44,13:28:44,124,296,,,,,,,,,13:39:17,35
28:44.5,297,0.21,143,125,13:28:44,13:28:44,125,297,,,,,,,,,13:39:21,33
28:44.8,298,0.23,143,125,13:28:45,13:28:45,125,298,,,,,,,,,13:39:23,33
28:45.2,299,0.22,144,125,13:28:45,13:28:45,125,299,,,,,,,,,13:39:24,33
28:45.6,300,0.22,144,125,13:28:46,13:28:46,125,300,,,,,,,,,13:39:30,31
28:45.9,301,0.23,144,125,13:28:46,13:28:46,125,301,,,,,,,,,13:39:32,31
28:46.1,302,0.22,144,125,13:28:46,13:28:46,125,302,,,,,,,,,13:39:45,26
28:46.3,303,0.22,145,126,13:28:46,13:28:46,126,303,,,,,,,,,13:39:48,26
28:46.8,304,0.23,145,126,13:28:47,13:28:47,126,304,,,,,,,,,13:39:52,25
28:47.0,305,0.22,145,126,13:28:47,13:28:47,126,305,,,,,,,,,13:39:57,24
28:47.2,306,0.23,146,126,13:28:47,13:28:47,126,306,,,,,,,,,13:40:00,24
28:47.5,307,0.22,146,126,13:28:48,13:28:48,126,307,,,,,,,,,13:40:03,24
28:48.0,308,0.22,146,126,13:28:48,13:28:48,126,308,,,,,,,,,13:40:04,24.5
28:48.8,309,0.22,147,126,13:28:49,13:28:49,126,309,,,,,,,,,13:40:07,25
28:49.1,310,0.22,147,126,13:28:49,13:28:49,126,310,,,,,,,,,13:40:09,25
28:49.6,311,0.22,148,126,13:28:50,13:28:50,126,311,,,,,,,,,13:40:12,25
28:50.3,312,0.23,149,126,13:28:50,13:28:50,126,312,,,,,,,,,13:40:20,23
28:51.0,313,0.21,149,126,13:28:51,13:28:51,126,313,,,,,,,,,13:40:21,24
28:51.2,314,0.23,150,126,13:28:51,13:28:51,126,314,,,,,,,,,13:40:24,24
28:51.4,315,0.22,150,126,13:28:51,13:28:51,126,315,,,,,,,,,13:40:25,24
28:51.7,316,0.21,150,126,13:28:52,13:28:52,126,316,,,,,,,,,13:40:26,24.5
28:52.0,317,0.22,150,126,13:28:52,13:28:52,126,317,,,,,,,,,13:40:27,26.2
28:52.1,318,0.22,151,127,13:28:52,13:28:52,127,318,,,,,,,,,13:40:30,27.5
28:52.2,319,0.23,151,127,13:28:52,13:28:52,127,319,,,,,,,,,13:40:33,27.5
28:52.3,320,0.21,151,127,13:28:52,13:28:52,127,320,,,,,,,,,13:40:34,28
28:52.4,321,0.21,151,128,13:28:52,13:28:52,128,321,,,,,,,,,13:40:39,28
28:52.6,322,0.23,151,128,13:28:53,13:28:53,128,322,,,,,,,,,13:40:41,28
28:52.8,323,0.22,151,128,13:28:53,13:28:53,128,323,,,,,,,,,13:40:42,28.33333333
28:53.0,324,0.21,151,128,13:28:53,13:28:53,128,324,,,,,,,,,13:40:43,29
28:54.0,325,0.23,152,128,13:28:54,13:28:54,128,325,,,,,,,,,13:40:47,29
28:55.5,326,0.21,154,127,13:28:55,13:28:55,127,326,,,,,,,,,13:40:48,29
28:55.6,327,0.22,154,127,13:28:56,13:28:56,127,327,,,,,,,,,13:40:49,30
28:56.1,328,0.22,155,127,13:28:56,13:28:56,127,328,,,,,,,,,13:40:52,29
28:56.7,329,0.22,155,127,13:28:57,13:28:57,127,329,,,,,,,,,13:40:53,30
28:57.2,330,0.22,156,127,13:28:57,13:28:57,127,330,,,,,,,,,13:40:57,30
28:57.4,331,0.21,156,127,13:28:57,13:28:57,127,331,,,,,,,,,13:40:58,30
28:57.5,332,0.23,156,128,13:28:58,13:28:58,128,332,,,,,,,,,13:41:00,30
28:57.7,333,0.23,156,128,13:28:58,13:28:58,128,333,,,,,,,,,13:41:03,30
28:57.9,334,0.23,156,128,13:28:58,13:28:58,128,334,,,,,,,,,13:41:04,30
28:59.0,335,0.21,157,128,13:28:59,13:28:59,128,335,,,,,,,,,13:41:06,30
28:59.2,336,0.21,158,128,13:28:59,13:28:59,128,336,,,,,,,,,13:41:10,30
28:59.6,337,0.22,158,128,13:29:00,13:29:00,128,337,,,,,,,,,13:41:16,29
28:59.8,338,0.22,158,128,13:29:00,13:29:00,128,338,,,,,,,,,13:41:18,29
28:59.9,339,0.22,158,128,13:29:00,13:29:00,128,339,,,,,,,,,13:41:23,29
29:00.1,340,0.21,159,129,13:29:00,13:29:00,129,340,,,,,,,,,13:41:34,27
29:00.3,341,0.22,159,129,13:29:00,13:29:00,129,341,,,,,,,,,13:41:37,27
29:00.4,342,0.21,159,129,13:29:00,13:29:00,129,342,,,,,,,,,13:41:41,27
29:00.5,343,0.22,159,129,13:29:01,13:29:01,129,343,,,,,,,,,13:41:44,27
29:00.9,344,0.21,159,130,13:29:01,13:29:01,130,344,,,,,,,,,13:41:45,27
29:01.1,345,0.21,159,130,13:29:01,13:29:01,130,345,,,,,,,,,13:41:52,27
29:01.5,346,0.21,160,130,13:29:02,13:29:02,130,346,,,,,,,,,13:42:00,26
29:01.6,347,0.2,160,130,13:29:02,13:29:02,130,347,,,,,,,,,13:42:08,25
29:02.1,348,0.2,160,130,13:29:02,13:29:02,130,348,,,,,,,,,13:42:09,25
29:04.1,349,0.23,163,129,13:29:04,13:29:04,129,349,,,,,,,,,13:42:12,25
29:04.2,350,0.21,163,129,13:29:04,13:29:04,129,350,,,,,,,,,13:42:15,25
29:04.3,351,0.23,163,129,13:29:04,13:29:04,129,351,,,,,,,,,13:42:21,25
29:04.5,352,0.22,163,130,13:29:04,13:29:04,130,352,,,,,,,,,13:42:24,25
29:04.6,353,0.23,163,130,13:29:05,13:29:05,130,353,,,,,,,,,13:42:28,25
29:05.1,354,0.23,164,130,13:29:05,13:29:05,130,354,,,,,,,,,13:42:30,25
29:05.4,355,0.21,164,130,13:29:05,13:29:05,130,355,,,,,,,,,13:42:31,25
29:05.9,356,0.21,164,130,13:29:06,13:29:06,130,356,,,,,,,,,13:42:34,25
29:06.0,357,0.21,164,130,13:29:06,13:29:06,130,357,,,,,,,,,13:42:36,25
29:06.4,358,0.23,165,130,13:29:06,13:29:06,130,358,,,,,,,,,13:42:40,25
29:06.6,359,0.22,165,130,13:29:07,13:29:07,130,359,,,,,,,,,13:42:44,25
29:06.8,360,0.23,165,131,13:29:07,13:29:07,131,360,,,,,,,,,13:42:48,24
29:07.2,361,0.23,166,131,13:29:07,13:29:07,131,361,,,,,,,,,13:42:58,24
29:07.4,362,0.23,166,131,13:29:07,13:29:07,131,362,,,,,,,,,13:42:59,24
29:07.5,363,0.21,166,131,13:29:08,13:29:08,131,363,,,,,,,,,13:43:01,24
29:07.6,364,0.21,166,132,13:29:08,13:29:08,132,364,,,,,,,,,13:43:06,24
29:07.8,365,0.21,166,132,13:29:08,13:29:08,132,365,,,,,,,,,13:43:08,24
29:08.3,366,0.23,167,132,13:29:08,13:29:08,132,366,,,,,,,,,13:43:11,24
29:08.5,367,0.23,167,132,13:29:09,13:29:09,132,367,,,,,,,,,13:43:13,24
29:08.8,368,0.23,167,132,13:29:09,13:29:09,132,368,,,,,,,,,13:43:18,24
29:09.4,369,0.23,168,132,13:29:09,13:29:09,132,369,,,,,,,,,13:43:22,24
29:09.6,370,0.21,168,132,13:29:10,13:29:10,132,370,,,,,,,,,13:43:32,23
29:09.8,371,0.21,168,132,13:29:10,13:29:10,132,371,,,,,,,,,13:43:34,23
29:10.3,372,0.23,169,132,13:29:10,13:29:10,132,372,,,,,,,,,13:43:35,23
29:10.6,373,0.23,169,132,13:29:11,13:29:11,132,373,,,,,,,,,13:43:37,23
29:10.7,374,0.21,169,133,13:29:11,13:29:11,133,374,,,,,,,,,13:43:39,23
29:10.9,375,0.23,169,133,13:29:11,13:29:11,133,375,,,,,,,,,13:43:40,23
29:11.1,376,0.23,169,133,13:29:11,13:29:11,133,376,,,,,,,,,13:43:41,23
29:11.7,377,0.23,170,133,13:29:12,13:29:12,133,377,,,,,,,,,13:43:44,24
29:11.9,378,0.23,170,133,13:29:12,13:29:12,133,378,,,,,,,,,13:43:45,24
29:12.2,379,0.23,171,133,13:29:12,13:29:12,133,379,,,,,,,,,13:43:47,24
29:12.4,380,0.23,171,133,13:29:12,13:29:12,133,380,,,,,,,,,13:43:54,23
29:12.9,381,0.23,171,133,13:29:13,13:29:13,133,381,,,,,,,,,13:43:56,23
29:13.4,382,0.23,172,133,13:29:13,13:29:13,133,382,,,,,,,,,13:43:57,24
29:13.6,383,0.23,172,134,13:29:14,13:29:14,134,383,,,,,,,,,13:43:59,24
29:14.1,384,0.22,173,134,13:29:14,13:29:14,134,384,,,,,,,,,13:44:02,23
29:15.0,385,0.22,173,133,13:29:15,13:29:15,133,385,,,,,,,,,13:44:07,23
29:15.7,386,0.21,174,133,13:29:16,13:29:16,133,386,,,,,,,,,13:44:10,23
29:15.8,387,0.23,174,133,13:29:16,13:29:16,133,387,,,,,,,,,13:44:12,23
29:16.0,388,0.23,174,133,13:29:16,13:29:16,133,388,,,,,,,,,13:44:14,23
29:16.3,389,0.22,175,134,13:29:16,13:29:16,134,389,,,,,,,,,13:44:16,23.75
29:17.0,390,0.21,175,133,13:29:17,13:29:17,133,390,,,,,,,,,13:44:17,24.25
29:17.4,391,0.21,176,133,13:29:17,13:29:17,133,391,,,,,,,,,13:44:18,25
29:17.7,392,0.22,176,134,13:29:18,13:29:18,134,392,,,,,,,,,13:54:19,61
29:18.0,393,0.2,176,134,13:29:18,13:29:18,134,393,,,,,,,,,13:54:20,84
29:18.2,394,0.21,177,134,13:29:18,13:29:18,134,394,,,,,,,,,13:54:21,130
29:18.7,395,0.21,177,134,13:29:19,13:29:19,134,395,,,,,,,,,13:54:22,145.75
29:23.3,396,0.22,182,131,13:29:23,13:29:23,131,396,,,,,,,,,13:54:24,124.5
29:24.2,397,0.2,183,130,13:29:24,13:29:24,130,397,,,,,,,,,13:54:28,93.33333333
29:24.4,398,0.21,183,131,13:29:24,13:29:24,131,398,,,,,,,,,13:54:43,45
29:24.7,399,0.2,183,131,13:29:25,13:29:25,131,399,,,,,,,,,13:54:44,49.5
29:29.5,400,0.22,188,128,13:29:30,13:29:30,128,400,,,,,,,,,13:54:45,51
29:33.6,401,0.21,192,125,13:29:34,13:29:34,125,401,,,,,,,,,13:54:49,47.5
29:35.2,402,0.22,194,125,13:29:35,13:29:35,125,402,,,,,,,,,13:54:50,48
29:38.7,403,0.23,197,123,13:29:39,13:29:39,123,403,,,,,,,,,13:54:52,49
29:39.8,404,0.2,198,122,13:29:40,13:29:40,122,404,,,,,,,,,13:54:59,46.4
29:42.0,405,0.22,200,121,13:29:42,13:29:42,121,405,,,,,,,,,13:55:00,50
29:42.3,406,0.21,201,121,13:29:42,13:29:42,121,406,,,,,,,,,13:55:02,49.5
29:42.6,407,0.21,201,122,13:29:43,13:29:43,122,407,,,,,,,,,13:55:04,49
29:45.3,408,0.21,204,120,13:29:45,13:29:45,120,408,,,,,,,,,13:55:09,46
29:48.5,409,0.2,207,119,13:29:49,13:29:49,119,409,,,,,,,,,13:55:12,45
29:49.3,410,0.19,208,118,13:29:49,13:29:49,118,410,,,,,,,,,13:55:13,45
29:49.9,411,0.22,208,118,13:29:50,13:29:50,118,411,,,,,,,,,13:55:15,46
29:50.9,412,0.2,209,118,13:29:51,13:29:51,118,412,,,,,,,,,13:55:17,47
29:51.8,413,0.2,210,118,13:29:52,13:29:52,118,413,,,,,,,,,13:55:18,47
29:52.0,414,0.22,210,118,13:29:52,13:29:52,118,414,,,,,,,,,13:55:19,47.5
29:52.2,415,0.19,211,118,13:29:52,13:29:52,118,415,,,,,,,,,13:55:24,45
29:53.3,416,0.19,212,118,13:29:53,13:29:53,118,416,,,,,,,,,13:55:32,43
29:55.4,417,0.23,214,117,13:29:55,13:29:55,117,417,,,,,,,,,13:55:33,45
29:55.6,418,0.23,214,117,13:29:56,13:29:56,117,418,,,,,,,,,13:55:35,44.5
29:55.8,419,0.2,214,117,13:29:56,13:29:56,117,419,,,,,,,,,13:55:45,41
29:56.9,420,0.18,215,117,13:29:57,13:29:57,117,420,,,,,,,,,13:55:48,40.66666667
29:57.8,421,0.18,216,117,13:29:58,13:29:58,117,421,,,,,,,,,13:55:49,43.16666667
29:58.1,422,0.2,217,117,13:29:58,13:29:58,117,422,,,,,,,,,13:55:50,45.66666667
29:58.2,423,0.22,217,117,13:29:58,13:29:58,117,423,,,,,,,,,13:55:52,46
29:58.5,424,0.18,217,117,13:29:59,13:29:59,117,424,,,,,,,,,13:55:53,47
29:58.7,425,0.23,217,117,13:29:59,13:29:59,117,425,,,,,,,,,13:55:54,48
29:59.2,426,0.21,218,117,13:29:59,13:29:59,117,426,,,,,,,,,13:55:56,48
29:59.5,427,0.16,218,118,13:29:59,13:29:59,118,427,,,,,,,,,13:55:57,48
30:00.2,428,0.23,219,117,13:30:00,13:30:00,117,428,,,,,,,,,13:55:58,49
30:00.6,429,0.22,219,118,13:30:01,13:30:01,118,429,,,,,,,,,13:55:59,50
30:00.7,430,0.22,219,118,13:30:01,13:30:01,118,430,,,,,,,,,13:56:06,47
30:01.4,431,0.21,220,118,13:30:01,13:30:01,118,431,,,,,,,,,13:56:07,47.5
30:01.7,432,0.22,220,118,13:30:02,13:30:02,118,432,,,,,,,,,13:56:08,48
30:02.2,433,0.21,221,118,13:30:02,13:30:02,118,433,,,,,,,,,13:56:09,49.2
30:02.9,434,0.22,221,118,13:30:03,13:30:03,118,434,,,,,,,,,13:56:10,51
30:03.3,435,0.22,222,118,13:30:03,13:30:03,118,435,,,,,,,,,13:56:11,52
30:03.5,436,0.22,222,118,13:30:04,13:30:04,118,436,,,,,,,,,13:56:14,51
30:04.9,437,0.19,223,117,13:30:05,13:30:05,117,437,,,,,,,,,13:56:16,51.5
30:07.3,438,0.2,226,116,13:30:07,13:30:07,116,438,,,,,,,,,13:56:17,52.66666667
30:07.5,439,0.2,226,117,13:30:07,13:30:07,117,439,,,,,,,,,13:56:18,53
30:07.7,440,0.22,226,117,13:30:08,13:30:08,117,440,,,,,,,,,13:56:19,53
30:07.8,441,0.22,226,117,13:30:08,13:30:08,117,441,,,,,,,,,13:56:22,53
30:08.0,442,0.21,226,117,13:30:08,13:30:08,117,442,,,,,,,,,13:56:26,53
30:08.3,443,0.23,227,117,13:30:08,13:30:08,117,443,,,,,,,,,13:56:30,51
30:09.4,444,0.22,228,117,13:30:09,13:30:09,117,444,,,,,,,,,13:56:31,52
30:09.5,445,0.21,228,117,13:30:10,13:30:10,117,445,,,,,,,,,13:56:32,52
30:09.9,446,0.22,228,117,13:30:10,13:30:10,117,446,,,,,,,,,13:56:35,52
30:10.2,447,0.23,229,117,13:30:10,13:30:10,117,447,,,,,,,,,13:56:42,50
30:13.8,448,0.23,232,116,13:30:14,13:30:14,116,448,,,,,,,,,13:56:44,50
30:15.9,449,0.23,234,115,13:30:16,13:30:16,115,449,,,,,,,,,13:56:50,48
30:16.3,450,0.23,235,115,13:30:16,13:30:16,115,450,,,,,,,,,13:56:51,49
30:16.6,451,0.22,235,115,13:30:17,13:30:17,115,451,,,,,,,,,13:56:53,49
30:16.8,452,0.23,235,115,13:30:17,13:30:17,115,452,,,,,,,,,13:57:05,46
30:17.0,453,0.23,235,115,13:30:17,13:30:17,115,453,,,,,,,,,13:57:20,43
30:17.4,454,0.22,236,116,13:30:17,13:30:17,116,454,,,,,,,,,13:57:25,42
30:17.8,455,0.23,236,116,13:30:18,13:30:18,116,455,,,,,,,,,13:57:35,40
30:18.9,456,0.22,237,115,13:30:19,13:30:19,115,456,,,,,,,,,13:57:36,40
30:19.3,457,0.23,238,115,13:30:19,13:30:19,115,457,,,,,,,,,13:57:37,40.33333333
30:19.5,458,0.23,238,115,13:30:20,13:30:20,115,458,,,,,,,,,13:57:38,41.25
30:19.6,459,0.23,238,116,13:30:20,13:30:20,116,459,,,,,,,,,13:57:39,42
30:21.2,460,0.23,240,115,13:30:21,13:30:21,115,460,,,,,,,,,13:57:41,42
30:21.6,461,0.23,240,115,13:30:22,13:30:22,115,461,,,,,,,,,13:57:52,40.5
30:22.6,462,0.22,241,115,13:30:23,13:30:23,115,462,,,,,,,,,13:57:53,41
30:22.9,463,0.23,241,115,13:30:23,13:30:23,115,463,,,,,,,,,13:57:55,41
30:23.4,464,0.21,242,115,13:30:23,13:30:23,115,464,,,,,,,,,13:57:56,41
30:24.1,465,0.23,242,115,13:30:24,13:30:24,115,465,,,,,,,,,13:58:01,41
30:24.3,466,0.22,243,115,13:30:24,13:30:24,115,466,,,,,,,,,13:58:04,40
30:24.8,467,0.23,243,115,13:30:25,13:30:25,115,467,,,,,,,,,13:58:06,40
30:25.6,468,0.23,244,115,13:30:26,13:30:26,115,468,,,,,,,,,13:58:07,41
30:25.8,469,0.23,244,115,13:30:26,13:30:26,115,469,,,,,,,,,13:58:10,40
30:25.9,470,0.21,244,115,13:30:26,13:30:26,115,470,,,,,,,,,13:58:11,40
30:26.2,471,0.21,245,116,13:30:26,13:30:26,116,471,,,,,,,,,13:58:13,40.66666667
30:26.4,472,0.21,245,116,13:30:26,13:30:26,116,472,,,,,,,,,13:58:14,41.4
30:26.5,473,0.21,245,116,13:30:27,13:30:27,116,473,,,,,,,,,13:58:15,42
30:26.8,474,0.21,245,116,13:30:27,13:30:27,116,474,,,,,,,,,13:58:16,43
30:26.9,475,0.23,245,116,13:30:27,13:30:27,116,475,,,,,,,,,13:58:17,43
30:27.1,476,0.23,246,116,13:30:27,13:30:27,116,476,,,,,,,,,13:58:18,43
30:27.6,477,0.23,246,116,13:30:28,13:30:28,116,477,,,,,,,,,13:58:19,43.8
30:27.7,478,0.23,246,117,13:30:28,13:30:28,117,478,,,,,,,,,13:58:20,44.66666667
30:27.8,479,0.23,246,117,13:30:28,13:30:28,117,479,,,,,,,,,13:58:21,45
30:28.0,480,0.21,246,117,13:30:28,13:30:28,117,480,,,,,,,,,13:58:22,46
30:29.9,481,0.21,248,116,13:30:30,13:30:30,116,481,,,,,,,,,13:58:25,45
30:30.0,482,0.22,248,116,13:30:30,13:30:30,116,482,,,,,,,,,13:58:26,45
30:30.4,483,0.21,249,116,13:30:30,13:30:30,116,483,,,,,,,,,13:58:28,45
30:31.0,484,0.22,249,116,13:30:31,13:30:31,116,484,,,,,,,,,13:58:30,45
30:31.5,485,0.23,250,116,13:30:31,13:30:31,116,485,,,,,,,,,13:58:32,45
30:31.7,486,0.22,250,117,13:30:32,13:30:32,117,486,,,,,,,,,13:58:53,42
30:31.8,487,0.22,250,117,13:30:32,13:30:32,117,487,,,,,,,,,13:58:56,41
30:32.3,488,0.23,251,117,13:30:32,13:30:32,117,488,,,,,,,,,13:59:00,41
30:32.7,489,0.23,251,117,13:30:33,13:30:33,117,489,,,,,,,,,13:59:11,40
30:32.8,490,0.22,251,117,13:30:33,13:30:33,117,490,,,,,,,,,13:59:12,40
30:33.3,491,0.23,252,117,13:30:33,13:30:33,117,491,,,,,,,,,13:59:14,40
30:33.5,492,0.22,252,117,13:30:34,13:30:34,117,492,,,,,,,,,13:59:15,40
30:34.0,493,0.22,252,117,13:30:34,13:30:34,117,493,,,,,,,,,13:59:16,40.5
30:34.6,494,0.23,253,117,13:30:35,13:30:35,117,494,,,,,,,,,13:59:17,41
30:34.7,495,0.22,253,117,13:30:35,13:30:35,117,495,,,,,,,,,13:59:18,41.33333333
30:35.3,496,0.22,254,117,13:30:35,13:30:35,117,496,,,,,,,,,13:59:19,42
30:35.7,497,0.23,254,117,13:30:36,13:30:36,117,497,,,,,,,,,13:59:21,42
30:36.9,498,0.23,255,117,13:30:37,13:30:37,117,498,,,,,,,,,13:59:22,42
30:37.2,499,0.22,256,117,13:30:37,13:30:37,117,499,,,,,,,,,13:59:25,42
30:37.7,500,0.19,256,117,13:30:38,13:30:38,117,500,,,,,,,,,13:59:28,42
30:38.0,501,0.2,256,117,13:30:38,13:30:38,117,501,,,,,,,,,13:59:33,42
30:38.1,502,0.23,257,117,13:30:38,13:30:38,117,502,,,,,,,,,13:59:40,41
30:38.3,503,0.17,257,118,13:30:38,13:30:38,118,503,,,,,,,,,13:59:42,41
30:40.1,504,0.23,259,117,13:30:40,13:30:40,117,504,,,,,,,,,13:59:43,41
30:40.9,505,0.23,259,117,13:30:41,13:30:41,117,505,,,,,,,,,13:59:44,41
30:41.0,506,0.22,259,117,13:30:41,13:30:41,117,506,,,,,,,,,13:59:46,41.5
30:41.7,507,0.23,260,117,13:30:42,13:30:42,117,507,,,,,,,,,13:59:48,41.66666667
30:42.1,508,0.22,261,117,13:30:42,13:30:42,117,508,,,,,,,,,13:59:50,42
30:42.7,509,0.21,261,117,13:30:43,13:30:43,117,509,,,,,,,,,13:59:52,42
30:42.9,510,0.23,261,117,13:30:43,13:30:43,117,510,,,,,,,,,13:59:53,42
30:43.8,511,0.21,262,117,13:30:44,13:30:44,117,511,,,,,,,,,13:59:54,42
30:43.9,512,0.21,262,117,13:30:44,13:30:44,117,512,,,,,,,,,13:59:55,42
30:44.5,513,0.21,263,117,13:30:44,13:30:44,117,513,,,,,,,,,13:59:57,42.5
30:45.1,514,0.23,264,117,13:30:45,13:30:45,117,514,,,,,,,,,13:59:58,43
30:45.2,515,0.23,264,117,13:30:45,13:30:45,117,515,,,,,,,,,13:59:59,43
30:45.6,516,0.23,264,117,13:30:46,13:30:46,117,516,,,,,,,,,14:00:01,43
30:45.8,517,0.23,264,117,13:30:46,13:30:46,117,517,,,,,,,,,14:00:02,43
30:46.1,518,0.23,265,117,13:30:46,13:30:46,117,518,,,,,,,,,14:00:04,43
30:46.3,519,0.22,265,118,13:30:46,13:30:46,118,519,,,,,,,,,14:00:05,43
30:46.6,520,0.23,265,118,13:30:47,13:30:47,118,520,,,,,,,,,14:00:06,43
30:46.7,521,0.22,265,118,13:30:47,13:30:47,118,521,,,,,,,,,14:00:07,43
30:46.9,522,0.22,265,118,13:30:47,13:30:47,118,522,,,,,,,,,14:00:08,43
30:47.0,523,0.23,265,118,13:30:47,13:30:47,118,523,,,,,,,,,14:00:11,43
30:47.2,524,0.22,266,118,13:30:47,13:30:47,118,524,,,,,,,,,14:00:12,43
30:47.4,525,0.23,266,119,13:30:47,13:30:47,119,525,,,,,,,,,14:00:13,43.5
30:47.9,526,0.23,266,119,13:30:48,13:30:48,119,526,,,,,,,,,Grand Total,88.77043159
30:48.5,527,0.23,267,118,13:30:49,13:30:49,118,527,,,,,,,,,,
30:48.9,528,0.23,267,119,13:30:49,13:30:49,119,528,,,,,,,,,,
30:49.2,529,0.23,268,119,13:30:49,13:30:49,119,529,,,,,,,,,,
30:49.6,530,0.23,268,119,13:30:50,13:30:50,119,530,,,,,,,,,,
30:49.8,531,0.22,268,119,13:30:50,13:30:50,119,531,,,,,,,,,,
30:50.2,532,0.21,269,119,13:30:50,13:30:50,119,532,,,,,,,,,,
30:50.9,533,0.23,269,119,13:30:51,13:30:51,119,533,,,,,,,,,,
30:51.1,534,0.23,270,119,13:30:51,13:30:51,119,534,,,,,,,,,,
30:51.5,535,0.23,270,119,13:30:52,13:30:52,119,535,,,,,,,,,,
30:51.9,536,0.23,270,119,13:30:52,13:30:52,119,536,,,,,,,,,,
30:52.5,537,0.23,271,119,13:30:52,13:30:52,119,537,,,,,,,,,,
30:52.9,538,0.22,271,119,13:30:53,13:30:53,119,538,,,,,,,,,,
30:53.0,539,0.22,271,119,13:30:53,13:30:53,119,539,,,,,,,,,,
30:53.6,540,0.17,272,119,13:30:54,13:30:54,119,540,,,,,,,,,,
30:53.9,541,0.23,272,119,13:30:54,13:30:54,119,541,,,,,,,,,,
30:54.2,542,0.23,273,119,13:30:54,13:30:54,119,542,,,,,,,,,,
30:54.5,543,0.19,273,119,13:30:55,13:30:55,119,543,,,,,,,,,,
30:54.9,544,0.21,273,119,13:30:55,13:30:55,119,544,,,,,,,,,,
30:55.1,545,0.21,273,120,13:30:55,13:30:55,120,545,,,,,,,,,,
30:55.2,546,0.22,274,120,13:30:55,13:30:55,120,546,,,,,,,,,,
30:55.3,547,0.21,274,120,13:30:55,13:30:55,120,547,,,,,,,,,,
30:55.4,548,0.19,274,120,13:30:55,13:30:55,120,548,,,,,,,,,,
30:55.7,549,0.22,274,120,13:30:56,13:30:56,120,549,,,,,,,,,,
30:56.2,550,0.22,275,120,13:30:56,13:30:56,120,550,,,,,,,,,,
30:57.2,551,0.21,276,120,13:30:57,13:30:57,120,551,,,,,,,,,,
30:58.6,552,0.19,277,120,13:30:59,13:30:59,120,552,,,,,,,,,,
30:58.7,553,0.22,277,120,13:30:59,13:30:59,120,553,,,,,,,,,,
30:58.9,554,0.22,277,120,13:30:59,13:30:59,120,554,,,,,,,,,,
31:00.4,555,0.22,279,119,13:31:00,13:31:00,119,555,,,,,,,,,,
31:01.4,556,0.21,280,119,13:31:01,13:31:01,119,556,,,,,,,,,,
31:01.6,557,0.2,280,119,13:31:02,13:31:02,119,557,,,,,,,,,,
31:01.8,558,0.22,280,119,13:31:02,13:31:02,119,558,,,,,,,,,,
31:02.3,559,0.23,281,119,13:31:02,13:31:02,119,559,,,,,,,,,,
31:02.5,560,0.22,281,120,13:31:02,13:31:02,120,560,,,,,,,,,,
31:02.6,561,0.23,281,120,13:31:03,13:31:03,120,561,,,,,,,,,,
31:02.8,562,0.23,281,120,13:31:03,13:31:03,120,562,,,,,,,,,,
31:03.1,563,0.22,282,120,13:31:03,13:31:03,120,563,,,,,,,,,,
31:03.3,564,0.23,282,120,13:31:03,13:31:03,120,564,,,,,,,,,,
31:03.4,565,0.21,282,120,13:31:03,13:31:03,120,565,,,,,,,,,,
31:03.8,566,0.21,282,120,13:31:04,13:31:04,120,566,,,,,,,,,,
31:04.0,567,0.21,282,120,13:31:04,13:31:04,120,567,,,,,,,,,,
31:05.0,568,0.23,283,120,13:31:05,13:31:05,120,568,,,,,,,,,,
31:06.6,569,0.23,285,120,13:31:07,13:31:07,120,569,,,,,,,,,,
31:07.0,570,0.22,285,120,13:31:07,13:31:07,120,570,,,,,,,,,,
31:07.2,571,0.22,286,120,13:31:07,13:31:07,120,571,,,,,,,,,,
31:07.8,572,0.2,286,120,13:31:08,13:31:08,120,572,,,,,,,,,,
31:08.3,573,0.19,287,120,13:31:08,13:31:08,120,573,,,,,,,,,,
31:08.5,574,0.21,287,120,13:31:08,13:31:08,120,574,,,,,,,,,,
31:08.8,575,0.18,287,120,13:31:09,13:31:09,120,575,,,,,,,,,,
31:09.1,576,0.21,287,120,13:31:09,13:31:09,120,576,,,,,,,,,,
31:09.3,577,0.23,288,120,13:31:09,13:31:09,120,577,,,,,,,,,,
31:09.5,578,0.22,288,120,13:31:09,13:31:09,120,578,,,,,,,,,,
31:11.1,579,0.22,290,120,13:31:11,13:31:11,120,579,,,,,,,,,,
31:11.6,580,0.23,290,120,13:31:12,13:31:12,120,580,,,,,,,,,,
31:12.1,581,0.23,290,120,13:31:12,13:31:12,120,581,,,,,,,,,,
31:12.2,582,0.23,291,120,13:31:12,13:31:12,120,582,,,,,,,,,,
31:12.4,583,0.23,291,120,13:31:12,13:31:12,120,583,,,,,,,,,,
31:12.5,584,0.23,291,120,13:31:13,13:31:13,120,584,,,,,,,,,,
31:12.7,585,0.22,291,121,13:31:13,13:31:13,121,585,,,,,,,,,,
31:12.9,586,0.23,291,121,13:31:13,13:31:13,121,586,,,,,,,,,,
31:13.0,587,0.2,291,121,13:31:13,13:31:13,121,587,,,,,,,,,,
31:13.4,588,0.2,292,121,13:31:13,13:31:13,121,588,,,,,,,,,,
31:13.6,589,0.23,292,121,13:31:14,13:31:14,121,589,,,,,,,,,,
31:14.0,590,0.22,292,121,13:31:14,13:31:14,121,590,,,,,,,,,,
31:19.7,591,0.19,298,119,13:31:20,13:31:20,119,591,,,,,,,,,,
31:20.5,592,0.22,299,119,13:31:20,13:31:20,119,592,,,,,,,,,,
31:21.9,593,0.22,300,118,13:31:22,13:31:22,118,593,,,,,,,,,,
31:22.0,594,0.23,300,119,13:31:22,13:31:22,119,594,,,,,,,,,,
31:22.1,595,0.22,301,119,13:31:22,13:31:22,119,595,,,,,,,,,,
31:22.5,596,0.23,301,119,13:31:22,13:31:22,119,596,,,,,,,,,,
31:22.6,597,0.23,301,119,13:31:23,13:31:23,119,597,,,,,,,,,,
31:22.8,598,0.23,301,119,13:31:23,13:31:23,119,598,,,,,,,,,,
31:22.9,599,0.23,301,119,13:31:23,13:31:23,119,599,,,,,,,,,,
31:23.0,600,0.23,301,119,13:31:23,13:31:23,119,600,,,,,,,,,,
31:23.2,601,0.21,302,120,13:31:23,13:31:23,120,601,,,,,,,,,,
31:23.8,602,0.22,302,120,13:31:24,13:31:24,120,602,,,,,,,,,,
31:24.0,603,0.22,302,120,13:31:24,13:31:24,120,603,,,,,,,,,,
31:24.3,604,0.23,303,120,13:31:24,13:31:24,120,604,,,,,,,,,,
31:24.4,605,0.21,303,120,13:31:24,13:31:24,120,605,,,,,,,,,,
31:24.5,606,0.21,303,120,13:31:25,13:31:25,120,606,,,,,,,,,,
31:25.1,607,0.22,304,120,13:31:25,13:31:25,120,607,,,,,,,,,,
31:25.4,608,0.23,304,120,13:31:25,13:31:25,120,608,,,,,,,,,,
31:25.6,609,0.21,304,120,13:31:26,13:31:26,120,609,,,,,,,,,,
31:26.1,610,0.21,305,120,13:31:26,13:31:26,120,610,,,,,,,,,,
31:26.7,611,0.2,305,120,13:31:27,13:31:27,120,611,,,,,,,,,,
31:27.3,612,0.21,306,120,13:31:27,13:31:27,120,612,,,,,,,,,,
31:27.4,613,0.21,306,120,13:31:27,13:31:27,120,613,,,,,,,,,,
31:27.5,614,0.18,306,120,13:31:28,13:31:28,120,614,,,,,,,,,,
31:28.0,615,0.22,306,120,13:31:28,13:31:28,120,615,,,,,,,,,,
31:28.3,616,0.17,307,120,13:31:28,13:31:28,120,616,,,,,,,,,,
31:28.6,617,0.21,307,121,13:31:29,13:31:29,121,617,,,,,,,,,,
31:29.4,618,0.21,308,120,13:31:29,13:31:29,120,618,,,,,,,,,,
31:29.6,619,0.23,308,121,13:31:30,13:31:30,121,619,,,,,,,,,,
31:29.8,620,0.22,308,121,13:31:30,13:31:30,121,620,,,,,,,,,,
31:29.9,621,0.22,308,121,13:31:30,13:31:30,121,621,,,,,,,,,,
31:30.0,622,0.22,308,121,13:31:30,13:31:30,121,622,,,,,,,,,,
31:30.4,623,0.21,309,121,13:31:30,13:31:30,121,623,,,,,,,,,,
31:30.6,624,0.23,309,121,13:31:31,13:31:31,121,624,,,,,,,,,,
31:31.7,625,0.21,310,121,13:31:32,13:31:32,121,625,,,,,,,,,,
31:32.5,626,0.22,311,121,13:31:33,13:31:33,121,626,,,,,,,,,,
31:33.4,627,0.22,312,121,13:31:33,13:31:33,121,627,,,,,,,,,,
31:37.0,628,0.2,315,119,13:31:37,13:31:37,119,628,,,,,,,,,,
31:37.3,629,0.22,316,120,13:31:37,13:31:37,120,629,,,,,,,,,,
31:37.6,630,0.2,316,120,13:31:38,13:31:38,120,630,,,,,,,,,,
31:37.7,631,0.21,316,120,13:31:38,13:31:38,120,631,,,,,,,,,,
31:38.0,632,0.21,316,120,13:31:38,13:31:38,120,632,,,,,,,,,,
31:38.6,633,0.23,317,120,13:31:39,13:31:39,120,633,,,,,,,,,,
31:39.0,634,0.18,317,120,13:31:39,13:31:39,120,634,,,,,,,,,,
31:40.3,635,0.16,319,120,13:31:40,13:31:40,120,635,,,,,,,,,,
31:41.5,636,0.21,320,119,13:31:41,13:31:41,119,636,,,,,,,,,,
31:42.0,637,0.22,320,119,13:31:42,13:31:42,119,637,,,,,,,,,,
31:42.5,638,0.22,321,119,13:31:42,13:31:42,119,638,,,,,,,,,,
31:42.7,639,0.23,321,119,13:31:43,13:31:43,119,639,,,,,,,,,,
31:43.1,640,0.23,322,119,13:31:43,13:31:43,119,640,,,,,,,,,,
31:43.2,641,0.22,322,120,13:31:43,13:31:43,120,641,,,,,,,,,,
31:43.5,642,0.22,322,120,13:31:43,13:31:43,120,642,,,,,,,,,,
31:43.7,643,0.23,322,120,13:31:44,13:31:44,120,643,,,,,,,,,,
31:43.9,644,0.23,322,120,13:31:44,13:31:44,120,644,,,,,,,,,,
31:44.1,645,0.23,323,120,13:31:44,13:31:44,120,645,,,,,,,,,,
31:44.2,646,0.23,323,120,13:31:44,13:31:44,120,646,,,,,,,,,,
31:44.5,647,0.23,323,120,13:31:44,13:31:44,120,647,,,,,,,,,,
31:44.8,648,0.23,323,120,13:31:45,13:31:45,120,648,,,,,,,,,,
31:45.0,649,0.23,323,120,13:31:45,13:31:45,120,649,,,,,,,,,,
31:45.1,650,0.22,324,121,13:31:45,13:31:45,121,650,,,,,,,,,,
31:45.2,651,0.22,324,121,13:31:45,13:31:45,121,651,,,,,,,,,,
31:45.6,652,0.22,324,121,13:31:46,13:31:46,121,652,,,,,,,,,,
31:45.7,653,0.22,324,121,13:31:46,13:31:46,121,653,,,,,,,,,,
31:46.0,654,0.22,324,121,13:31:46,13:31:46,121,654,,,,,,,,,,
31:46.3,655,0.22,325,121,13:31:46,13:31:46,121,655,,,,,,,,,,
31:46.7,656,0.22,325,121,13:31:47,13:31:47,121,656,,,,,,,,,,
31:47.0,657,0.22,325,121,13:31:47,13:31:47,121,657,,,,,,,,,,
31:47.4,658,0.22,326,121,13:31:47,13:31:47,121,658,,,,,,,,,,
31:53.8,659,0.22,332,119,13:31:54,13:31:54,119,659,,,,,,,,,,
32:02.4,660,0.23,341,116,13:32:02,13:32:02,116,660,,,,,,,,,,
32:03.3,661,0.23,342,116,13:32:03,13:32:03,116,661,,,,,,,,,,
32:03.7,662,0.23,342,116,13:32:04,13:32:04,116,662,,,,,,,,,,
32:04.8,663,0.23,343,116,13:32:05,13:32:05,116,663,,,,,,,,,,
32:04.9,664,0.23,343,116,13:32:05,13:32:05,116,664,,,,,,,,,,
32:05.3,665,0.2,344,116,13:32:05,13:32:05,116,665,,,,,,,,,,
32:05.4,666,0.23,344,116,13:32:05,13:32:05,116,666,,,,,,,,,,
32:06.8,667,0.16,345,116,13:32:07,13:32:07,116,667,,,,,,,,,,
32:07.0,668,0.15,345,116,13:32:07,13:32:07,116,668,,,,,,,,,,
32:07.0,669,0.23,345,116,13:32:07,13:32:07,116,669,,,,,,,,,,
32:07.1,670,0.2,346,116,13:32:07,13:32:07,116,670,,,,,,,,,,
32:07.6,671,0.2,346,116,13:32:08,13:32:08,116,671,,,,,,,,,,
32:07.7,672,0.18,346,116,13:32:08,13:32:08,116,672,,,,,,,,,,
32:08.0,673,0.22,346,117,13:32:08,13:32:08,117,673,,,,,,,,,,
32:08.1,674,0.21,347,117,13:32:08,13:32:08,117,674,,,,,,,,,,
32:08.6,675,0.21,347,117,13:32:09,13:32:09,117,675,,,,,,,,,,
32:09.0,676,0.23,347,117,13:32:09,13:32:09,117,676,,,,,,,,,,
32:09.1,677,0.22,347,117,13:32:09,13:32:09,117,677,,,,,,,,,,
32:09.4,678,0.23,348,117,13:32:09,13:32:09,117,678,,,,,,,,,,
32:09.5,679,0.22,348,117,13:32:10,13:32:10,117,679,,,,,,,,,,
32:10.1,680,0.23,349,117,13:32:10,13:32:10,117,680,,,,,,,,,,
32:10.3,681,0.22,349,117,13:32:10,13:32:10,117,681,,,,,,,,,,
32:11.5,682,0.21,350,117,13:32:11,13:32:11,117,682,,,,,,,,,,
32:12.1,683,0.22,351,117,13:32:12,13:32:12,117,683,,,,,,,,,,
32:12.6,684,0.21,351,117,13:32:13,13:32:13,117,684,,,,,,,,,,
32:12.8,685,0.21,351,117,13:32:13,13:32:13,117,685,,,,,,,,,,
32:13.7,686,0.2,352,117,13:32:14,13:32:14,117,686,,,,,,,,,,
32:14.0,687,0.23,352,117,13:32:14,13:32:14,117,687,,,,,,,,,,
32:14.5,688,0.21,353,117,13:32:15,13:32:15,117,688,,,,,,,,,,
32:14.7,689,0.23,353,117,13:32:15,13:32:15,117,689,,,,,,,,,,
32:19.1,690,0.17,358,116,13:32:19,13:32:19,116,690,,,,,,,,,,
38:37.7,1,0.19,0,220,13:38:38,13:38:38,220,1,,,,,,,,,,
38:38.1,2,0.22,1,204,13:38:38,13:38:38,204,2,,,,,,,,,,
38:38.3,3,0.21,1,216,13:38:38,13:38:38,216,3,,,,,,,,,,
38:41.9,4,0.22,4,54,13:38:42,13:38:42,54,4,,,,,,,,,,
38:42.2,5,0.21,5,64,13:38:42,13:38:42,64,5,,,,,,,,,,
38:43.7,6,0.22,6,58,13:38:44,13:38:44,58,6,,,,,,,,,,
38:46.6,7,0.17,9,46,13:38:47,13:38:47,46,7,,,,,,,,,,
38:46.9,8,0.23,9,51,13:38:47,13:38:47,51,8,,,,,,,,,,
38:47.1,9,0.21,10,56,13:38:47,13:38:47,56,9,,,,,,,,,,
38:52.1,10,0.23,15,41,13:38:52,13:38:52,41,10,,,,,,,,,,
38:52.3,11,0.18,15,44,13:38:52,13:38:52,44,11,,,,,,,,,,
38:52.8,12,0.23,15,47,13:38:53,13:38:53,47,12,,,,,,,,,,
38:53.1,13,0.2,16,50,13:38:53,13:38:53,50,13,,,,,,,,,,
38:53.4,14,0.22,16,53,13:38:53,13:38:53,53,14,,,,,,,,,,
38:53.7,15,0.22,16,56,13:38:54,13:38:54,56,15,,,,,,,,,,
39:02.2,16,0.22,25,39,13:39:02,13:39:02,39,16,,,,,,,,,,
39:02.5,17,0.15,25,41,13:39:03,13:39:03,41,17,,,,,,,,,,
39:02.9,18,0.19,25,42,13:39:03,13:39:03,42,18,,,,,,,,,,
39:06.0,19,0.16,28,40,13:39:06,13:39:06,40,19,,,,,,,,,,
39:07.0,20,0.22,29,41,13:39:07,13:39:07,41,20,,,,,,,,,,
39:09.8,21,0.22,32,39,13:39:10,13:39:10,39,21,,,,,,,,,,
39:12.3,22,0.23,35,38,13:39:12,13:39:12,38,22,,,,,,,,,,
39:17.0,23,0.18,40,35,13:39:17,13:39:17,35,23,,,,,,,,,,
39:21.4,24,0.2,44,33,13:39:21,13:39:21,33,24,,,,,,,,,,
39:23.4,25,0.21,46,33,13:39:23,13:39:23,33,25,,,,,,,,,,
39:24.2,26,0.18,47,33,13:39:24,13:39:24,33,26,,,,,,,,,,
39:29.7,27,0.15,52,31,13:39:30,13:39:30,31,27,,,,,,,,,,
39:32.4,28,0.17,55,31,13:39:32,13:39:32,31,28,,,,,,,,,,
39:44.6,29,0.19,67,26,13:39:45,13:39:45,26,29,,,,,,,,,,
39:47.8,30,0.21,70,26,13:39:48,13:39:48,26,30,,,,,,,,,,
39:52.2,31,0.17,75,25,13:39:52,13:39:52,25,31,,,,,,,,,,
39:57.1,32,0.21,80,24,13:39:57,13:39:57,24,32,,,,,,,,,,
39:59.5,33,0.21,82,24,13:40:00,13:40:00,24,33,,,,,,,,,,
40:02.6,34,0.15,85,24,13:40:03,13:40:03,24,34,,,,,,,,,,
40:03.9,35,0.18,86,24,13:40:04,13:40:04,24,35,,,,,,,,,,
40:04.3,36,0.23,87,25,13:40:04,13:40:04,25,36,,,,,,,,,,
40:07.4,37,0.1,90,25,13:40:07,13:40:07,25,37,,,,,,,,,,
40:08.9,38,0.23,91,25,13:40:09,13:40:09,25,38,,,,,,,,,,
40:11.6,39,0.21,94,25,13:40:12,13:40:12,25,39,,,,,,,,,,
40:19.9,40,0.18,102,23,13:40:20,13:40:20,23,40,,,,,,,,,,
40:21.2,41,0.18,104,24,13:40:21,13:40:21,24,41,,,,,,,,,,
40:24.0,42,0.17,107,24,13:40:24,13:40:24,24,42,,,,,,,,,,
40:24.6,43,0.17,107,24,13:40:25,13:40:25,24,43,,,,,,,,,,
40:26.1,44,0.2,109,24,13:40:26,13:40:26,24,44,,,,,,,,,,
40:26.4,45,0.23,109,25,13:40:26,13:40:26,25,45,,,,,,,,,,
40:26.5,46,0.17,109,25,13:40:27,13:40:27,25,46,,,,,,,,,,
40:26.8,47,0.19,109,26,13:40:27,13:40:27,26,47,,,,,,,,,,
40:27.0,48,0.22,110,26,13:40:27,13:40:27,26,48,,,,,,,,,,
40:27.1,49,0.22,110,27,13:40:27,13:40:27,27,49,,,,,,,,,,
40:27.5,50,0.2,110,27,13:40:27,13:40:27,27,50,,,,,,,,,,
40:30.0,51,0.2,113,27,13:40:30,13:40:30,27,51,,,,,,,,,,
40:30.2,52,0.19,113,28,13:40:30,13:40:30,28,52,,,,,,,,,,
40:33.2,53,0.14,116,27,13:40:33,13:40:33,27,53,,,,,,,,,,
40:33.3,54,0.21,116,28,13:40:33,13:40:33,28,54,,,,,,,,,,
40:33.8,55,0.23,116,28,13:40:34,13:40:34,28,55,,,,,,,,,,
40:38.5,56,0.23,121,28,13:40:39,13:40:39,28,56,,,,,,,,,,
40:41.5,57,0.17,124,28,13:40:41,13:40:41,28,57,,,,,,,,,,
40:42.0,58,0.16,125,28,13:40:42,13:40:42,28,58,,,,,,,,,,
40:42.2,59,0.19,125,28,13:40:42,13:40:42,28,59,,,,,,,,,,
40:42.4,60,0.15,125,29,13:40:42,13:40:42,29,60,,,,,,,,,,
40:42.7,61,0.17,125,29,13:40:43,13:40:43,29,61,,,,,,,,,,
40:47.1,62,0.16,130,29,13:40:47,13:40:47,29,62,,,,,,,,,,
40:47.4,63,0.2,130,29,13:40:47,13:40:47,29,63,,,,,,,,,,
40:47.7,64,0.17,130,29,13:40:48,13:40:48,29,64,,,,,,,,,,
40:49.0,65,0.22,132,30,13:40:49,13:40:49,30,65,,,,,,,,,,
40:51.9,66,0.23,134,29,13:40:52,13:40:52,29,66,,,,,,,,,,
40:52.9,67,0.22,135,30,13:40:53,13:40:53,30,67,,,,,,,,,,
40:53.2,68,0.2,136,30,13:40:53,13:40:53,30,68,,,,,,,,,,
40:57.5,69,0.18,140,30,13:40:57,13:40:57,30,69,,,,,,,,,,
40:57.6,70,0.23,140,30,13:40:58,13:40:58,30,70,,,,,,,,,,
40:59.9,71,0.23,142,30,13:41:00,13:41:00,30,71,,,,,,,,,,
41:03.3,72,0.14,146,30,13:41:03,13:41:03,30,72,,,,,,,,,,
41:03.5,73,0.21,146,30,13:41:04,13:41:04,30,73,,,,,,,,,,
41:05.7,74,0.18,148,30,13:41:06,13:41:06,30,74,,,,,,,,,,
41:09.5,75,0.23,152,30,13:41:10,13:41:10,30,75,,,,,,,,,,
41:10.4,76,0.2,153,30,13:41:10,13:41:10,30,76,,,,,,,,,,
41:16.1,77,0.2,159,29,13:41:16,13:41:16,29,77,,,,,,,,,,
41:16.3,78,0.2,159,29,13:41:16,13:41:16,29,78,,,,,,,,,,
41:18.4,79,0.21,161,29,13:41:18,13:41:18,29,79,,,,,,,,,,
41:23.3,80,0.18,166,29,13:41:23,13:41:23,29,80,,,,,,,,,,
41:34.2,81,0.2,177,27,13:41:34,13:41:34,27,81,,,,,,,,,,
41:36.9,82,0.17,179,27,13:41:37,13:41:37,27,82,,,,,,,,,,
41:40.9,83,0.15,183,27,13:41:41,13:41:41,27,83,,,,,,,,,,
41:41.1,84,0.23,184,27,13:41:41,13:41:41,27,84,,,,,,,,,,
41:43.7,85,0.23,186,27,13:41:44,13:41:44,27,85,,,,,,,,,,
41:45.3,86,0.15,188,27,13:41:45,13:41:45,27,86,,,,,,,,,,
41:52.0,87,0.17,195,27,13:41:52,13:41:52,27,87,,,,,,,,,,
42:00.3,88,0.21,203,26,13:42:00,13:42:00,26,88,,,,,,,,,,
42:07.7,89,0.22,210,25,13:42:08,13:42:08,25,89,,,,,,,,,,
42:09.4,90,0.21,212,25,13:42:09,13:42:09,25,90,,,,,,,,,,
42:12.4,91,0.21,215,25,13:42:12,13:42:12,25,91,,,,,,,,,,
42:14.9,92,0.23,217,25,13:42:15,13:42:15,25,92,,,,,,,,,,
42:20.6,93,0.22,223,25,13:42:21,13:42:21,25,93,,,,,,,,,,
42:23.8,94,0.22,226,25,13:42:24,13:42:24,25,94,,,,,,,,,,
42:28.2,95,0.17,231,25,13:42:28,13:42:28,25,95,,,,,,,,,,
42:29.9,96,0.17,232,25,13:42:30,13:42:30,25,96,,,,,,,,,,
42:30.9,97,0.18,233,25,13:42:31,13:42:31,25,97,,,,,,,,,,
42:34.0,98,0.2,237,25,13:42:34,13:42:34,25,98,,,,,,,,,,
42:36.3,99,0.21,239,25,13:42:36,13:42:36,25,99,,,,,,,,,,
42:40.1,100,0.16,243,25,13:42:40,13:42:40,25,100,,,,,,,,,,
42:43.8,101,0.19,246,25,13:42:44,13:42:44,25,101,,,,,,,,,,
42:48.3,102,0.21,251,24,13:42:48,13:42:48,24,102,,,,,,,,,,
42:57.8,103,0.2,260,24,13:42:58,13:42:58,24,103,,,,,,,,,,
42:58.5,104,0.18,261,24,13:42:58,13:42:58,24,104,,,,,,,,,,
42:58.9,105,0.18,261,24,13:42:59,13:42:59,24,105,,,,,,,,,,
43:00.9,106,0.17,263,24,13:43:01,13:43:01,24,106,,,,,,,,,,
43:06.1,107,0.23,269,24,13:43:06,13:43:06,24,107,,,,,,,,,,
43:08.4,108,0.18,271,24,13:43:08,13:43:08,24,108,,,,,,,,,,
43:10.8,109,0.2,273,24,13:43:11,13:43:11,24,109,,,,,,,,,,
43:13.3,110,0.19,276,24,13:43:13,13:43:13,24,110,,,,,,,,,,
43:18.2,111,0.17,281,24,13:43:18,13:43:18,24,111,,,,,,,,,,
43:21.8,112,0.22,284,24,13:43:22,13:43:22,24,112,,,,,,,,,,
43:31.6,113,0.18,294,23,13:43:32,13:43:32,23,113,,,,,,,,,,
43:33.5,114,0.2,296,23,13:43:34,13:43:34,23,114,,,,,,,,,,
43:35.4,115,0.19,298,23,13:43:35,13:43:35,23,115,,,,,,,,,,
43:37.1,116,0.23,300,23,13:43:37,13:43:37,23,116,,,,,,,,,,
43:39.0,117,0.21,302,23,13:43:39,13:43:39,23,117,,,,,,,,,,
43:40.0,118,0.19,302,23,13:43:40,13:43:40,23,118,,,,,,,,,,
43:41.3,119,0.17,304,23,13:43:41,13:43:41,23,119,,,,,,,,,,
43:43.6,120,0.14,306,24,13:43:44,13:43:44,24,120,,,,,,,,,,
43:45.3,121,0.21,308,24,13:43:45,13:43:45,24,121,,,,,,,,,,
43:47.1,122,0.21,310,24,13:43:47,13:43:47,24,122,,,,,,,,,,
43:53.9,123,0.21,316,23,13:43:54,13:43:54,23,123,,,,,,,,,,
43:55.6,124,0.19,318,23,13:43:56,13:43:56,23,124,,,,,,,,,,
43:56.6,125,0.22,319,24,13:43:57,13:43:57,24,125,,,,,,,,,,
43:58.5,126,0.22,321,24,13:43:59,13:43:59,24,126,,,,,,,,,,
44:01.7,127,0.14,324,23,13:44:02,13:44:02,23,127,,,,,,,,,,
44:07.1,128,0.23,330,23,13:44:07,13:44:07,23,128,,,,,,,,,,
44:10.2,129,0.2,333,23,13:44:10,13:44:10,23,129,,,,,,,,,,
44:11.5,130,0.23,334,23,13:44:12,13:44:12,23,130,,,,,,,,,,
44:14.2,131,0.22,337,23,13:44:14,13:44:14,23,131,,,,,,,,,,
44:15.8,132,0.2,338,23,13:44:16,13:44:16,23,132,,,,,,,,,,
44:16.2,133,0.2,339,24,13:44:16,13:44:16,24,133,,,,,,,,,,
44:16.3,134,0.23,339,24,13:44:16,13:44:16,24,134,,,,,,,,,,
44:16.4,135,0.21,339,24,13:44:16,13:44:16,24,135,,,,,,,,,,
44:17.0,136,0.21,340,24,13:44:17,13:44:17,24,136,,,,,,,,,,
44:17.1,137,0.22,340,24,13:44:17,13:44:17,24,137,,,,,,,,,,
44:17.4,138,0.23,340,24,13:44:17,13:44:17,24,138,,,,,,,,,,
44:17.5,139,0.2,340,25,13:44:17,13:44:17,25,139,,,,,,,,,,
44:17.7,140,0.22,340,25,13:44:18,13:44:18,25,140,,,,,,,,,,
44:17.9,141,0.22,340,25,13:44:18,13:44:18,25,141,,,,,,,,,,
54:18.8,1,0.19,1,61,13:54:19,13:54:19,61,1,,,,,,,,,,
54:20.1,2,0.23,2,52,13:54:20,13:54:20,52,2,,,,,,,,,,
54:20.2,3,0.21,2,75,13:54:20,13:54:20,75,3,,,,,,,,,,
54:20.4,4,0.23,3,95,13:54:20,13:54:20,95,4,,,,,,,,,,
54:20.4,5,0.22,3,114,13:54:20,13:54:20,114,5,,,,,,,,,,
54:20.7,6,0.22,3,125,13:54:21,13:54:21,125,6,,,,,,,,,,
54:21.0,7,0.23,3,133,13:54:21,13:54:21,133,7,,,,,,,,,,
54:21.5,8,0.17,4,132,13:54:21,13:54:21,132,8,,,,,,,,,,
54:21.8,9,0.19,4,134,13:54:22,13:54:22,134,9,,,,,,,,,,
54:22.0,10,0.2,4,145,13:54:22,13:54:22,145,10,,,,,,,,,,
54:22.3,11,0.23,4,148,13:54:22,13:54:22,148,11,,,,,,,,,,
54:22.4,12,0.21,5,156,13:54:22,13:54:22,156,12,,,,,,,,,,
54:24.2,13,0.18,6,121,13:54:24,13:54:24,121,13,,,,,,,,,,
54:24.4,14,0.22,7,128,13:54:24,13:54:24,128,14,,,,,,,,,,
54:27.7,15,0.22,10,91,13:54:28,13:54:28,91,15,,,,,,,,,,
54:28.2,16,0.2,10,93,13:54:28,13:54:28,93,16,,,,,,,,,,
54:28.4,17,0.21,11,96,13:54:28,13:54:28,96,17,,,,,,,,,,
54:42.8,18,0.22,25,43,13:54:43,13:54:43,43,18,,,,,,,,,,
54:43.1,19,0.23,25,45,13:54:43,13:54:43,45,19,,,,,,,,,,
54:43.3,20,0.22,26,47,13:54:43,13:54:43,47,20,,,,,,,,,,
54:43.8,21,0.22,26,49,13:54:44,13:54:44,49,21,,,,,,,,,,
54:44.2,22,0.22,26,50,13:54:44,13:54:44,50,22,,,,,,,,,,
54:44.6,23,0.23,27,51,13:54:45,13:54:45,51,23,,,,,,,,,,
54:48.8,24,0.22,31,47,13:54:49,13:54:49,47,24,,,,,,,,,,
54:48.9,25,0.22,31,48,13:54:49,13:54:49,48,25,,,,,,,,,,
54:50.3,26,0.21,32,48,13:54:50,13:54:50,48,26,,,,,,,,,,
54:51.6,27,0.2,34,48,13:54:52,13:54:52,48,27,,,,,,,,,,
54:51.8,28,0.22,34,49,13:54:52,13:54:52,49,28,,,,,,,,,,
54:52.3,29,0.16,35,50,13:54:52,13:54:52,50,29,,,,,,,,,,
54:58.8,30,0.17,41,44,13:54:59,13:54:59,44,30,,,,,,,,,,
54:59.0,31,0.23,41,45,13:54:59,13:54:59,45,31,,,,,,,,,,
54:59.2,32,0.22,41,46,13:54:59,13:54:59,46,32,,,,,,,,,,
54:59.3,33,0.23,41,48,13:54:59,13:54:59,48,33,,,,,,,,,,
54:59.4,34,0.22,42,49,13:54:59,13:54:59,49,34,,,,,,,,,,
55:00.1,35,0.23,42,50,13:55:00,13:55:00,50,35,,,,,,,,,,
55:01.7,36,0.21,44,49,13:55:02,13:55:02,49,36,,,,,,,,,,
55:02.4,37,0.18,45,50,13:55:02,13:55:02,50,37,,,,,,,,,,
55:03.9,38,0.21,46,49,13:55:04,13:55:04,49,38,,,,,,,,,,
55:09.0,39,0.2,51,46,13:55:09,13:55:09,46,39,,,,,,,,,,
55:11.5,40,0.21,54,45,13:55:12,13:55:12,45,40,,,,,,,,,,
55:12.1,41,0.19,54,45,13:55:12,13:55:12,45,41,,,,,,,,,,
55:13.5,42,0.22,56,45,13:55:13,13:55:13,45,42,,,,,,,,,,
55:14.7,43,0.17,57,45,13:55:15,13:55:15,45,43,,,,,,,,,,
55:14.9,44,0.19,57,46,13:55:15,13:55:15,46,44,,,,,,,,,,
55:15.2,45,0.23,57,47,13:55:15,13:55:15,47,45,,,,,,,,,,
55:17.1,46,0.21,59,47,13:55:17,13:55:17,47,46,,,,,,,,,,
55:18.1,47,0.21,60,47,13:55:18,13:55:18,47,47,,,,,,,,,,
55:18.6,48,0.23,61,47,13:55:19,13:55:19,47,48,,,,,,,,,,
55:18.7,49,0.22,61,48,13:55:19,13:55:19,48,49,,,,,,,,,,
55:23.8,50,0.21,66,45,13:55:24,13:55:24,45,50,,,,,,,,,,
55:31.5,51,0.22,74,42,13:55:32,13:55:32,42,51,,,,,,,,,,
55:31.8,52,0.23,74,42,13:55:32,13:55:32,42,52,,,,,,,,,,
55:32.1,53,0.23,74,43,13:55:32,13:55:32,43,53,,,,,,,,,,
55:32.2,54,0.22,74,44,13:55:32,13:55:32,44,54,,,,,,,,,,
55:32.3,55,0.22,74,44,13:55:32,13:55:32,44,55,,,,,,,,,,
55:33.0,56,0.22,75,45,13:55:33,13:55:33,45,56,,,,,,,,,,
55:35.3,57,0.22,78,44,13:55:35,13:55:35,44,57,,,,,,,,,,
55:35.5,58,0.23,78,45,13:55:35,13:55:35,45,58,,,,,,,,,,
55:44.9,59,0.22,87,41,13:55:45,13:55:45,41,59,,,,,,,,,,
55:47.6,60,0.22,90,40,13:55:48,13:55:48,40,60,,,,,,,,,,
55:47.8,61,0.23,90,41,13:55:48,13:55:48,41,61,,,,,,,,,,
55:48.2,62,0.22,90,41,13:55:48,13:55:48,41,62,,,,,,,,,,
55:48.6,63,0.23,91,42,13:55:49,13:55:49,42,63,,,,,,,,,,
55:48.7,64,0.2,91,42,13:55:49,13:55:49,42,64,,,,,,,,,,
55:48.8,65,0.19,91,43,13:55:49,13:55:49,43,65,,,,,,,,,,
55:49.1,66,0.21,91,43,13:55:49,13:55:49,43,66,,,,,,,,,,
55:49.3,67,0.22,91,44,13:55:49,13:55:49,44,67,,,,,,,,,,
55:49.5,68,0.23,92,45,13:55:49,13:55:49,45,68,,,,,,,,,,
55:49.6,69,0.23,92,45,13:55:50,13:55:50,45,69,,,,,,,,,,
55:49.8,70,0.19,92,46,13:55:50,13:55:50,46,70,,,,,,,,,,
55:50.0,71,0.18,92,46,13:55:50,13:55:50,46,71,,,,,,,,,,
55:52.3,72,0.21,95,46,13:55:52,13:55:52,46,72,,,,,,,,,,
55:52.7,73,0.23,95,46,13:55:53,13:55:53,46,73,,,,,,,,,,
55:52.9,74,0.22,95,47,13:55:53,13:55:53,47,74,,,,,,,,,,
55:53.0,75,0.19,95,47,13:55:53,13:55:53,47,75,,,,,,,,,,
55:53.1,76,0.21,95,48,13:55:53,13:55:53,48,76,,,,,,,,,,
55:53.6,77,0.2,96,48,13:55:54,13:55:54,48,77,,,,,,,,,,
55:56.1,78,0.19,98,48,13:55:56,13:55:56,48,78,,,,,,,,,,
55:56.9,79,0.23,99,48,13:55:57,13:55:57,48,79,,,,,,,,,,
55:57.1,80,0.23,99,48,13:55:57,13:55:57,48,80,,,,,,,,,,
55:57.8,81,0.19,100,49,13:55:58,13:55:58,49,81,,,,,,,,,,
55:58.1,82,0.23,100,49,13:55:58,13:55:58,49,82,,,,,,,,,,
55:58.5,83,0.2,101,49,13:55:58,13:55:58,49,83,,,,,,,,,,
55:59.4,84,0.23,102,50,13:55:59,13:55:59,50,84,,,,,,,,,,
56:05.6,85,0.19,108,47,13:56:06,13:56:06,47,85,,,,,,,,,,
56:07.3,86,0.19,109,47,13:56:07,13:56:07,47,86,,,,,,,,,,
56:07.4,87,0.23,110,48,13:56:07,13:56:07,48,87,,,,,,,,,,
56:08.3,88,0.23,111,48,13:56:08,13:56:08,48,88,,,,,,,,,,
56:08.6,89,0.22,111,48,13:56:09,13:56:09,48,89,,,,,,,,,,
56:08.8,90,0.23,111,49,13:56:09,13:56:09,49,90,,,,,,,,,,
56:09.1,91,0.23,111,49,13:56:09,13:56:09,49,91,,,,,,,,,,
56:09.3,92,0.23,111,50,13:56:09,13:56:09,50,92,,,,,,,,,,
56:09.5,93,0.23,112,50,13:56:09,13:56:09,50,93,,,,,,,,,,
56:09.9,94,0.23,112,50,13:56:10,13:56:10,50,94,,,,,,,,,,
56:10.1,95,0.23,112,51,13:56:10,13:56:10,51,95,,,,,,,,,,
56:10.2,96,0.22,112,51,13:56:10,13:56:10,51,96,,,,,,,,,,
56:10.4,97,0.22,113,52,13:56:10,13:56:10,52,97,,,,,,,,,,
56:10.5,98,0.22,113,52,13:56:11,13:56:11,52,98,,,,,,,,,,
56:13.7,99,0.22,116,51,13:56:14,13:56:14,51,99,,,,,,,,,,
56:15.9,100,0.23,118,51,13:56:16,13:56:16,51,100,,,,,,,,,,
56:16.1,101,0.22,118,51,13:56:16,13:56:16,51,101,,,,,,,,,,
56:16.3,102,0.19,118,52,13:56:16,13:56:16,52,102,,,,,,,,,,
56:16.5,103,0.22,119,52,13:56:16,13:56:16,52,103,,,,,,,,,,
56:17.0,104,0.21,119,52,13:56:17,13:56:17,52,104,,,,,,,,,,
56:17.2,105,0.23,119,53,13:56:17,13:56:17,53,105,,,,,,,,,,
56:17.4,106,0.21,120,53,13:56:17,13:56:17,53,106,,,,,,,,,,
56:17.9,107,0.21,120,53,13:56:18,13:56:18,53,107,,,,,,,,,,
56:18.9,108,0.22,121,53,13:56:19,13:56:19,53,108,,,,,,,,,,
56:22.0,109,0.17,124,53,13:56:22,13:56:22,53,109,,,,,,,,,,
56:22.2,110,0.2,124,53,13:56:22,13:56:22,53,110,,,,,,,,,,
56:22.4,111,0.22,125,53,13:56:22,13:56:22,53,111,,,,,,,,,,
56:25.7,112,0.2,128,53,13:56:26,13:56:26,53,112,,,,,,,,,,
56:30.2,113,0.2,132,51,13:56:30,13:56:30,51,113,,,,,,,,,,
56:30.6,114,0.21,133,52,13:56:31,13:56:31,52,114,,,,,,,,,,
56:31.4,115,0.21,134,52,13:56:31,13:56:31,52,115,,,,,,,,,,
56:31.7,116,0.19,134,52,13:56:32,13:56:32,52,116,,,,,,,,,,
56:32.3,117,0.16,134,52,13:56:32,13:56:32,52,117,,,,,,,,,,
56:35.0,118,0.2,137,52,13:56:35,13:56:35,52,118,,,,,,,,,,
56:35.5,119,0.2,138,52,13:56:35,13:56:35,52,119,,,,,,,,,,
56:41.7,120,0.18,144,50,13:56:42,13:56:42,50,120,,,,,,,,,,
56:42.4,121,0.23,145,50,13:56:42,13:56:42,50,121,,,,,,,,,,
56:43.8,122,0.21,146,50,13:56:44,13:56:44,50,122,,,,,,,,,,
56:50.2,123,0.18,152,48,13:56:50,13:56:50,48,123,,,,,,,,,,
56:50.5,124,0.16,153,49,13:56:51,13:56:51,49,124,,,,,,,,,,
56:50.9,125,0.16,153,49,13:56:51,13:56:51,49,125,,,,,,,,,,
56:51.2,126,0.21,153,49,13:56:51,13:56:51,49,126,,,,,,,,,,
56:53.0,127,0.2,155,49,13:56:53,13:56:53,49,127,,,,,,,,,,
57:05.3,128,0.19,168,46,13:57:05,13:57:05,46,128,,,,,,,,,,
57:19.5,129,0.19,182,43,13:57:20,13:57:20,43,129,,,,,,,,,,
57:24.9,130,0.22,187,42,13:57:25,13:57:25,42,130,,,,,,,,,,
57:35.1,131,0.19,197,40,13:57:35,13:57:35,40,131,,,,,,,,,,
57:36.2,132,0.22,198,40,13:57:36,13:57:36,40,132,,,,,,,,,,
57:36.5,133,0.21,199,40,13:57:37,13:57:37,40,133,,,,,,,,,,
57:36.8,134,0.21,199,40,13:57:37,13:57:37,40,134,,,,,,,,,,
57:37.4,135,0.23,200,41,13:57:37,13:57:37,41,135,,,,,,,,,,
57:37.7,136,0.22,200,41,13:57:38,13:57:38,41,136,,,,,,,,,,
57:38.0,137,0.22,200,41,13:57:38,13:57:38,41,137,,,,,,,,,,
57:38.1,138,0.21,200,41,13:57:38,13:57:38,41,138,,,,,,,,,,
57:38.2,139,0.22,200,42,13:57:38,13:57:38,42,139,,,,,,,,,,
57:38.9,140,0.23,201,42,13:57:39,13:57:39,42,140,,,,,,,,,,
57:40.7,141,0.21,203,42,13:57:41,13:57:41,42,141,,,,,,,,,,
57:40.9,142,0.22,203,42,13:57:41,13:57:41,42,142,,,,,,,,,,
57:41.0,143,0.23,203,42,13:57:41,13:57:41,42,143,,,,,,,,,,
57:52.4,144,0.21,215,40,13:57:52,13:57:52,40,144,,,,,,,,,,
57:52.5,145,0.23,215,41,13:57:52,13:57:52,41,145,,,,,,,,,,
57:52.6,146,0.2,215,41,13:57:53,13:57:53,41,146,,,,,,,,,,
57:53.0,147,0.21,215,41,13:57:53,13:57:53,41,147,,,,,,,,,,
57:53.1,148,0.22,215,41,13:57:53,13:57:53,41,148,,,,,,,,,,
57:54.7,149,0.21,217,41,13:57:55,13:57:55,41,149,,,,,,,,,,
57:55.5,150,0.21,218,41,13:57:56,13:57:56,41,150,,,,,,,,,,
58:01.2,151,0.21,223,41,13:58:01,13:58:01,41,151,,,,,,,,,,
58:04.2,152,0.19,226,40,13:58:04,13:58:04,40,152,,,,,,,,,,
58:05.9,153,0.22,228,40,13:58:06,13:58:06,40,153,,,,,,,,,,
58:06.1,154,0.21,228,40,13:58:06,13:58:06,40,154,,,,,,,,,,
58:07.0,155,0.19,229,41,13:58:07,13:58:07,41,155,,,,,,,,,,
58:10.3,156,0.2,233,40,13:58:10,13:58:10,40,156,,,,,,,,,,
58:11.0,157,0.21,233,40,13:58:11,13:58:11,40,157,,,,,,,,,,
58:13.0,158,0.19,235,40,13:58:13,13:58:13,40,158,,,,,,,,,,
58:13.2,159,0.19,235,41,13:58:13,13:58:13,41,159,,,,,,,,,,
58:13.3,160,0.22,236,41,13:58:13,13:58:13,41,160,,,,,,,,,,
58:13.8,161,0.22,236,41,13:58:14,13:58:14,41,161,,,,,,,,,,
58:13.9,162,0.21,236,41,13:58:14,13:58:14,41,162,,,,,,,,,,
58:14.1,163,0.15,236,41,13:58:14,13:58:14,41,163,,,,,,,,,,
58:14.2,164,0.22,236,42,13:58:14,13:58:14,42,164,,,,,,,,,,
58:14.4,165,0.21,237,42,13:58:14,13:58:14,42,165,,,,,,,,,,
58:15.0,166,0.17,237,42,13:58:15,13:58:15,42,166,,,,,,,,,,
58:15.3,167,0.22,237,42,13:58:15,13:58:15,42,167,,,,,,,,,,
58:15.5,168,0.21,238,42,13:58:15,13:58:15,42,168,,,,,,,,,,
58:15.9,169,0.21,238,43,13:58:16,13:58:16,43,169,,,,,,,,,,
58:15.9,170,0.22,238,43,13:58:16,13:58:16,43,170,,,,,,,,,,
58:16.3,171,0.22,239,43,13:58:16,13:58:16,43,171,,,,,,,,,,
58:16.7,172,0.19,239,43,13:58:17,13:58:17,43,172,,,,,,,,,,
58:18.4,173,0.22,241,43,13:58:18,13:58:18,43,173,,,,,,,,,,
58:18.7,174,0.19,241,43,13:58:19,13:58:19,43,174,,,,,,,,,,
58:18.8,175,0.19,241,44,13:58:19,13:58:19,44,175,,,,,,,,,,
58:19.0,176,0.23,241,44,13:58:19,13:58:19,44,176,,,,,,,,,,
58:19.1,177,0.23,241,44,13:58:19,13:58:19,44,177,,,,,,,,,,
58:19.2,178,0.21,241,44,13:58:19,13:58:19,44,178,,,,,,,,,,
58:19.6,179,0.19,242,44,13:58:20,13:58:20,44,179,,,,,,,,,,
58:20.2,180,0.22,242,45,13:58:20,13:58:20,45,180,,,,,,,,,,
58:20.4,181,0.23,243,45,13:58:20,13:58:20,45,181,,,,,,,,,,
58:20.6,182,0.22,243,45,13:58:21,13:58:21,45,182,,,,,,,,,,
58:21.3,183,0.22,243,45,13:58:21,13:58:21,45,183,,,,,,,,,,
58:21.4,184,0.22,244,45,13:58:21,13:58:21,45,184,,,,,,,,,,
58:21.6,185,0.22,244,46,13:58:22,13:58:22,46,185,,,,,,,,,,
58:25.4,186,0.16,248,45,13:58:25,13:58:25,45,186,,,,,,,,,,
58:25.7,187,0.15,248,45,13:58:26,13:58:26,45,187,,,,,,,,,,
58:28.2,188,0.22,250,45,13:58:28,13:58:28,45,188,,,,,,,,,,
58:29.6,189,0.17,252,45,13:58:30,13:58:30,45,189,,,,,,,,,,
58:32.5,190,0.15,255,45,13:58:32,13:58:32,45,190,,,,,,,,,,
58:52.7,191,0.23,275,42,13:58:53,13:58:53,42,191,,,,,,,,,,
58:55.7,192,0.2,278,41,13:58:56,13:58:56,41,192,,,,,,,,,,
58:59.7,193,0.18,282,41,13:59:00,13:59:00,41,193,,,,,,,,,,
59:11.4,194,0.23,294,40,13:59:11,13:59:11,40,194,,,,,,,,,,
59:12.3,195,0.22,295,40,13:59:12,13:59:12,40,195,,,,,,,,,,
59:13.6,196,0.18,296,40,13:59:14,13:59:14,40,196,,,,,,,,,,
59:13.7,197,0.22,296,40,13:59:14,13:59:14,40,197,,,,,,,,,,
59:14.1,198,0.18,296,40,13:59:14,13:59:14,40,198,,,,,,,,,,
59:14.8,199,0.22,297,40,13:59:15,13:59:15,40,199,,,,,,,,,,
59:15.0,200,0.21,297,40,13:59:15,13:59:15,40,200,,,,,,,,,,
59:16.2,201,0.2,298,40,13:59:16,13:59:16,40,201,,,,,,,,,,
59:16.3,202,0.21,298,41,13:59:16,13:59:16,41,202,,,,,,,,,,
59:16.5,203,0.22,299,41,13:59:17,13:59:17,41,203,,,,,,,,,,
59:16.6,204,0.22,299,41,13:59:17,13:59:17,41,204,,,,,,,,,,
59:16.9,205,0.22,299,41,13:59:17,13:59:17,41,205,,,,,,,,,,
59:17.5,206,0.19,300,41,13:59:18,13:59:18,41,206,,,,,,,,,,
59:17.7,207,0.21,300,41,13:59:18,13:59:18,41,207,,,,,,,,,,
59:17.8,208,0.23,300,42,13:59:18,13:59:18,42,208,,,,,,,,,,
59:19.2,209,0.19,301,42,13:59:19,13:59:19,42,209,,,,,,,,,,
59:20.8,210,0.23,303,42,13:59:21,13:59:21,42,210,,,,,,,,,,
59:20.9,211,0.23,303,42,13:59:21,13:59:21,42,211,,,,,,,,,,
59:21.2,212,0.2,303,42,13:59:21,13:59:21,42,212,,,,,,,,,,
59:21.3,213,0.23,304,42,13:59:21,13:59:21,42,213,,,,,,,,,,
59:21.8,214,0.21,304,42,13:59:22,13:59:22,42,214,,,,,,,,,,
59:22.1,215,0.18,304,42,13:59:22,13:59:22,42,215,,,,,,,,,,
59:25.4,216,0.23,308,42,13:59:25,13:59:25,42,216,,,,,,,,,,
59:25.5,217,0.19,308,42,13:59:25,13:59:25,42,217,,,,,,,,,,
59:28.1,218,0.22,310,42,13:59:28,13:59:28,42,218,,,,,,,,,,
59:32.7,219,0.15,315,42,13:59:33,13:59:33,42,219,,,,,,,,,,
59:39.6,220,0.18,322,41,13:59:40,13:59:40,41,220,,,,,,,,,,
59:41.9,221,0.23,324,41,13:59:42,13:59:42,41,221,,,,,,,,,,
59:42.5,222,0.2,325,41,13:59:43,13:59:43,41,222,,,,,,,,,,
59:43.0,223,0.21,325,41,13:59:43,13:59:43,41,223,,,,,,,,,,
59:43.8,224,0.21,326,41,13:59:44,13:59:44,41,224,,,,,,,,,,
59:44.2,225,0.21,326,41,13:59:44,13:59:44,41,225,,,,,,,,,,
59:45.6,226,0.21,328,41,13:59:46,13:59:46,41,226,,,,,,,,,,
59:45.8,227,0.21,328,42,13:59:46,13:59:46,42,227,,,,,,,,,,
59:47.6,228,0.19,330,41,13:59:48,13:59:48,41,228,,,,,,,,,,
59:47.9,229,0.22,330,42,13:59:48,13:59:48,42,229,,,,,,,,,,
59:48.1,230,0.22,330,42,13:59:48,13:59:48,42,230,,,,,,,,,,
59:50.2,231,0.2,332,42,13:59:50,13:59:50,42,231,,,,,,,,,,
59:51.6,232,0.21,334,42,13:59:52,13:59:52,42,232,,,,,,,,,,
59:52.2,233,0.21,334,42,13:59:52,13:59:52,42,233,,,,,,,,,,
59:53.4,234,0.19,336,42,13:59:53,13:59:53,42,234,,,,,,,,,,
59:53.7,235,0.23,336,42,13:59:54,13:59:54,42,235,,,,,,,,,,
59:54.5,236,0.15,337,42,13:59:54,13:59:54,42,236,,,,,,,,,,
59:54.7,237,0.22,337,42,13:59:55,13:59:55,42,237,,,,,,,,,,
59:55.0,238,0.21,337,42,13:59:55,13:59:55,42,238,,,,,,,,,,
59:55.4,239,0.21,338,42,13:59:55,13:59:55,42,239,,,,,,,,,,
59:57.1,240,0.22,339,42,13:59:57,13:59:57,42,240,,,,,,,,,,
59:57.4,241,0.22,340,43,13:59:57,13:59:57,43,241,,,,,,,,,,
59:57.6,242,0.2,340,43,13:59:58,13:59:58,43,242,,,,,,,,,,
59:58.9,243,0.23,341,43,13:59:59,13:59:59,43,243,,,,,,,,,,
59:59.2,244,0.22,341,43,13:59:59,13:59:59,43,244,,,,,,,,,,
00:00.7,245,0.23,343,43,14:00:01,14:00:01,43,245,,,,,,,,,,
00:00.9,246,0.22,343,43,14:00:01,14:00:01,43,246,,,,,,,,,,
00:01.0,247,0.23,343,43,14:00:01,14:00:01,43,247,,,,,,,,,,
00:02.4,248,0.22,345,43,14:00:02,14:00:02,43,248,,,,,,,,,,
00:03.8,249,0.23,346,43,14:00:04,14:00:04,43,249,,,,,,,,,,
00:05.4,250,0.21,348,43,14:00:05,14:00:05,43,250,,,,,,,,,,
00:05.5,251,0.2,348,43,14:00:06,14:00:06,43,251,,,,,,,,,,
00:07.5,252,0.19,350,43,14:00:07,14:00:07,43,252,,,,,,,,,,
00:07.7,253,0.22,350,43,14:00:08,14:00:08,43,253,,,,,,,,,,
00:11.2,254,0.18,353,43,14:00:11,14:00:11,43,254,,,,,,,,,,
00:11.8,255,0.19,354,43,14:00:12,14:00:12,43,255,,,,,,,,,,
00:12.1,256,0.2,354,43,14:00:12,14:00:12,43,256,,,,,,,,,,
00:12.6,257,0.21,355,43,14:00:13,14:00:13,43,257,,,,,,,,,,
00:13.0,258,0.22,355,44,14:00:13,14:00:13,44,258,,,,,,,,,,
