TIME,TIME,TIME,DELTA,THETA,ALPHA,BETA,GAMMA,Beta/Alpha,Alpha/Theta,Beta/Theta
26:31.4,13:26:31,13:26:31,162.73,220.93,501.69,10455.82,2849.35,20.84,2.27,47.33
26:41.4,13:26:41,13:26:41,134.34,321.75,609.48,10507.66,3127.82,17.24,1.89,32.66
26:51.4,13:26:51,13:26:51,121.99,274.01,883.71,10630.6,3423.22,12.03,3.23,38.8
27:01.4,13:27:01,13:27:01,136.06,225.86,499.16,10403.55,3131.97,20.84,2.21,46.06
27:11.4,13:27:11,13:27:11,1674.48,574.75,529.7,10311.61,3257.65,19.47,0.92,17.94
27:21.4,13:27:21,13:27:21,161.91,262.28,869.49,10095.71,2955.72,11.61,3.32,38.49
27:31.4,13:27:31,13:27:31,126.69,245.01,631.19,10568.32,3100.63,16.74,2.58,43.13
27:41.4,13:27:41,13:27:41,185.69,247.35,478.17,10317.69,2882.54,21.58,1.93,41.71
27:51.4,13:27:51,13:27:51,170.2,320.15,1169.37,9336.83,2804.97,7.98,3.65,29.16
28:01.4,13:28:01,13:28:01,194.19,304.3,849.44,9107.9,2995.27,10.72,2.79,29.93
28:11.4,13:28:11,13:28:11,166.09,215.5,644.06,9161.65,2916.75,14.22,2.99,42.51
28:21.4,13:28:21,13:28:21,140.77,200.18,1127.05,9090.39,2947.7,8.07,5.63,45.41
28:31.4,13:28:31,13:28:31,152.23,141.09,852.3,7782.32,2995.5,9.13,6.04,55.16
28:41.4,13:28:41,13:28:41,173.3,259.62,598.04,7944.45,2934.88,13.28,2.3,30.6
28:51.4,13:28:51,13:28:51,177.52,225.16,986.28,7932.15,3180.69,8.04,4.38,35.23
29:01.4,13:29:01,13:29:01,198.43,242.68,994.08,7965.07,2688.67,8.01,4.1,32.82
29:11.4,13:29:11,13:29:11,218.84,209.62,507.52,7512.16,2959.3,14.8,2.42,35.84
29:21.4,13:29:21,13:29:21,242.55,237.52,1048.05,7622.14,3209.51,7.27,4.41,32.09
29:31.4,13:29:31,13:29:31,238.56,211,1086.54,7157.96,3162.79,6.59,5.15,33.92
29:41.4,13:29:41,13:29:41,212.33,246.82,597.68,6811.66,3145.47,11.4,2.42,27.6
29:51.4,13:29:51,13:29:51,231.28,203.89,864.3,6799.56,3440.05,7.87,4.24,33.35
30:01.4,13:30:01,13:30:01,8314.73,2321,1360.65,5861.92,3420.39,4.31,0.59,2.53
30:11.4,13:30:11,13:30:11,4001.67,1233.99,736.06,6835.57,3498.69,9.29,0.6,5.54
30:21.4,13:30:21,13:30:21,213.7,233.3,791.02,6454.61,3351.69,8.16,3.39,27.67
30:31.5,13:30:32,13:30:32,175.72,185.62,1083.39,6465.49,3088.71,5.97,5.84,34.83
30:41.5,13:30:42,13:30:42,172.96,193.32,875.75,6815.31,3160.51,7.78,4.53,35.25
30:51.5,13:30:52,13:30:52,190.92,220.43,741.66,6623.63,3224.27,8.93,3.36,30.05
31:01.5,13:31:02,13:31:02,781.27,337.32,1115.12,6713.63,3275.23,6.02,3.31,19.9
31:11.5,13:31:12,13:31:12,206.09,195.12,946.04,6515.38,3244.38,6.89,4.85,33.39
31:21.5,13:31:22,13:31:22,183.64,167.85,613.24,6351.8,3333.49,10.36,3.65,37.84
31:31.5,13:31:32,13:31:32,201.74,178.95,997.61,6384.77,3311.22,6.4,5.57,35.68
31:41.5,13:31:42,13:31:42,167.86,226.99,1058.04,6283.55,2985.12,5.94,4.66,27.68
31:51.5,13:31:52,13:31:52,124.34,183.63,615.44,7061.28,2908.59,11.47,3.35,38.45
32:01.5,13:32:02,13:32:02,200.45,217.24,887.1,7381.76,2730.42,8.32,4.08,33.98
32:11.5,13:32:12,13:32:12,224.54,205.19,899.47,7368.87,2811.06,8.19,4.38,35.91
32:21.5,13:32:22,13:32:22,362.02,236.93,645.88,7816.01,2880.22,12.1,2.73,32.99
32:31.5,13:32:32,13:32:32,298.51,290.92,817.84,7122.14,2935.08,8.71,2.81,24.48
38:52.6,13:38:53,13:38:53,4519.2,818.06,535.17,6103.53,1705.75,11.4,0.65,7.46
39:02.6,13:39:03,13:39:03,8681.08,2756.09,718.02,7617.19,2371.26,10.61,0.26,2.76
39:12.6,13:39:13,13:39:13,9288.23,1342.7,635.89,6525.61,2064.73,10.26,0.47,4.86
39:22.6,13:39:23,13:39:23,6222.67,880.88,661.39,6827.59,2031.93,10.32,0.75,7.75
39:32.6,13:39:33,13:39:33,2455.64,610.78,450.14,7717.89,1849.09,17.15,0.74,12.64
39:42.6,13:39:43,13:39:43,1786.07,611.48,697.36,8415.03,2106.84,12.07,1.14,13.76
39:52.6,13:39:53,13:39:53,2488.32,848.14,584.68,8031.34,1876.46,13.74,0.69,9.47
40:02.6,13:40:03,13:40:03,2449.71,459.74,406.95,8597.25,2167.26,21.13,0.89,18.7
40:12.6,13:40:13,13:40:13,2198.84,732.78,620.98,8612.94,2197.03,13.87,0.85,11.75
40:22.6,13:40:23,13:40:23,1215.62,426.15,587.54,8995.4,2060.44,15.31,1.38,21.11
40:32.6,13:40:33,13:40:33,2514.74,417.08,520.68,7928.11,2479.64,15.23,1.25,19.01
40:42.6,13:40:43,13:40:43,846.17,444.04,1000.15,7762.83,2407.5,7.76,2.25,17.48
40:52.6,13:40:53,13:40:53,1679.59,588.73,927.29,8158.97,2475.03,8.8,1.58,13.86
41:02.6,13:41:03,13:41:03,1832.51,539.12,596.24,8059.85,2380.35,13.52,1.11,14.95
41:12.6,13:41:13,13:41:13,1061.29,417.48,842.84,8346.64,2362.66,9.9,2.02,19.99
41:22.6,13:41:23,13:41:23,991.81,408.99,991.27,8719.69,2350.32,8.8,2.42,21.32
41:32.6,13:41:33,13:41:33,511.07,283.49,549.5,8416.87,2509.54,15.32,1.94,29.69
41:42.6,13:41:43,13:41:43,773.85,528,695.25,8679.71,2543.69,12.48,1.32,16.44
41:52.6,13:41:53,13:41:53,665.15,403.25,1106.16,8736.91,2451.78,7.9,2.74,21.67
42:02.6,13:42:03,13:42:03,914.83,449.15,662.38,8784.99,2827.84,13.26,1.47,19.56
42:12.6,13:42:13,13:42:13,11602.12,2708.63,827.42,8387.41,2673.16,10.14,0.31,3.1
42:22.7,13:42:23,13:42:23,21441.51,2775.24,1327.58,9422.78,3425.51,7.1,0.48,3.4
42:32.7,13:42:33,13:42:33,25834.92,3354.23,1131.84,8825.21,3239.22,7.8,0.34,2.63
42:42.7,13:42:43,13:42:43,2288.71,612.29,648.28,8824.3,2657.46,13.61,1.06,14.41
42:52.7,13:42:53,13:42:53,2439.85,536.37,1129.56,8711.11,2765.59,7.71,2.11,16.24
43:02.7,13:43:03,13:43:03,449.03,279.53,869.83,8432.01,3039.78,9.69,3.11,30.16
43:12.7,13:43:13,13:43:13,1463.55,435.69,529.3,8586.55,3001.9,16.22,1.21,19.71
43:22.7,13:43:23,13:43:23,528.45,398.75,1206.97,8776.43,2849.38,7.27,3.03,22.01
43:32.7,13:43:33,13:43:33,348.1,366.24,1027.43,8621.19,2900.83,8.39,2.81,23.54
43:42.7,13:43:43,13:43:43,2206.78,669.04,704.75,8131.19,2833.51,11.54,1.05,12.15
43:52.7,13:43:53,13:43:53,13536.51,3388.67,1395.91,7741.11,3279.79,5.55,0.41,2.28
44:02.7,13:44:03,13:44:03,29058.71,7219.32,1888.68,6539.89,2858.07,3.46,0.26,0.91
44:12.7,13:44:13,13:44:13,31516.78,6490.77,1846.12,7065.75,5188.89,3.83,0.28,1.09
44:22.7,13:44:23,13:44:23,5567.71,1288.89,1121.12,6373.13,3274.28,5.68,0.87,4.94
54:28.7,13:54:29,13:54:29,5267.74,1784.08,703.95,10793.11,4674.55,15.33,0.39,6.05
54:38.7,13:54:39,13:54:39,3814.54,611.5,892.23,10624.23,3778.16,11.91,1.46,17.37
54:48.7,13:54:49,13:54:49,140.64,256.36,867.3,10959.21,3012.23,12.64,3.38,42.75
54:58.7,13:54:59,13:54:59,483.08,329.23,719.72,10150.44,3516.33,14.1,2.19,30.83
55:08.7,13:55:09,13:55:09,992.5,512.42,630.44,10800,3193.47,17.13,1.23,21.08
55:18.7,13:55:19,13:55:19,8430.62,1883.32,1010.88,10372.91,3778.47,10.26,0.54,5.51
55:28.7,13:55:29,13:55:29,4679.97,1056.98,754.01,10091.96,3168.32,13.38,0.71,9.55
55:38.7,13:55:39,13:55:39,6559.58,1144.33,732.69,10503.82,2803.95,14.34,0.64,9.18
55:48.7,13:55:49,13:55:49,579.01,324.99,706.26,10658.51,2946.62,15.09,2.17,32.8
55:58.7,13:55:59,13:55:59,1248.66,508,776.24,10614.9,2859.39,13.67,1.53,20.9
56:08.7,13:56:09,13:56:09,2207.73,1146.63,841.43,10779.1,3197.99,12.81,0.73,9.4
56:18.7,13:56:19,13:56:19,529.43,527,898.01,10308.5,2848.79,11.48,1.7,19.56
56:28.7,13:56:29,13:56:29,5793.96,3890.09,1630.56,9940.18,2792.89,6.1,0.42,2.56
56:38.7,13:56:39,13:56:39,2634.76,1018.63,521.14,10444.12,2890.5,20.04,0.51,10.25
56:48.7,13:56:49,13:56:49,983.63,642.34,965.57,10582.9,3362.15,10.96,1.5,16.48
56:58.7,13:56:59,13:56:59,3646.96,1208.68,789.72,10803.62,2921.76,13.68,0.65,8.94
57:08.7,13:57:09,13:57:09,3381.33,1111.66,516.66,10691.93,3159.08,20.69,0.46,9.62
57:18.7,13:57:19,13:57:19,2721.24,1188.16,756.81,10799.15,3059.16,14.27,0.64,9.09
57:28.7,13:57:29,13:57:29,1838.5,802.48,963.6,11003.87,3315.99,11.42,1.2,13.71
57:38.7,13:57:39,13:57:39,6380.19,2449.22,840.09,11311.29,3408.52,13.46,0.34,4.62
57:48.7,13:57:49,13:57:49,4722.56,1036.3,1139.11,9783.77,3471.8,8.59,1.1,9.44
57:58.7,13:57:59,13:57:59,3117.04,548.74,1295.14,9732.81,3173.98,7.51,2.36,17.74
58:08.7,13:58:09,13:58:09,1308.74,552.85,808.62,10824.22,3130.08,13.39,1.46,19.58
58:18.7,13:58:19,13:58:19,11938.81,3270.04,899.58,10410.53,3070.83,11.57,0.28,3.18
58:28.7,13:58:29,13:58:29,1858.74,640.15,1151.66,10680.57,3113.16,9.27,1.8,16.68
58:38.7,13:58:39,13:58:39,1372.62,614.99,891.66,7909.96,3270.3,8.87,1.45,12.86
58:48.7,13:58:49,13:58:49,1868.44,390.91,523.38,7126.71,3335.45,13.62,1.34,18.23
58:58.7,13:58:59,13:58:59,1957.82,663.67,1077.07,7026.23,3344.76,6.52,1.62,10.59
59:08.7,13:59:09,13:59:09,2133.68,796.87,1002.52,6665.82,3152.42,6.65,1.26,8.37
59:18.7,13:59:19,13:59:19,13213.6,3696.32,1108.16,6368.41,4819.62,5.75,0.3,1.72
59:28.7,13:59:29,13:59:29,4265.49,1746.77,1740.86,7258.83,3864.5,4.17,1,4.16
59:38.7,13:59:39,13:59:39,6448.96,2165.01,1243.08,6823.88,3301.66,5.49,0.57,3.15
59:48.7,13:59:49,13:59:49,5069.14,1331.87,744.02,7230.64,3541.24,9.72,0.56,5.43
59:58.8,13:59:59,13:59:59,6643.42,2299.84,1672.07,7859.27,4221.35,4.7,0.73,3.42
00:08.8,14:00:09,14:00:09,9723.21,3088.2,2323.68,6797.05,4004.48,2.93,0.75,2.2
00:18.8,14:00:19,14:00:19,9247.83,2598.85,1396.24,7553.09,3827.16,5.41,0.54,2.91
