TIME,TIME,TIME,BPM,IBI,SDNN,SDSD,RMSSD,PNN20,PNN50,HR_MAD,SD1,SD2,S,SD1/SD2,BREATHINGRATE,HR_BRAINFLOW,SPO2
27:26.5,13:27:26,13:27:26,65.68,913.58,38.63,17.97,26.48,0.31,0.08,17,18.72,51.77,3045.42,0.36,0.23,66,100
27:31.5,13:27:32,13:27:32,65.42,917.11,38.91,16.68,24.77,0.29,0.06,17.5,17.51,52.46,2885.61,0.33,0.13,64,100
27:36.6,13:27:37,13:27:37,65.35,918.15,37.89,16.64,24.17,0.28,0.05,15,17.09,51.16,2746.26,0.33,0.13,64,100
27:41.6,13:27:42,13:27:42,65.2,920.26,37.35,16.23,23.41,0.25,0.05,15,16.55,50.25,2612.76,0.33,0.13,64,100
27:46.7,13:27:47,13:27:47,65.04,922.57,37.83,16.09,23.34,0.28,0.05,14,16.5,51.17,2652.38,0.32,0.13,64,100
27:51.8,13:27:52,13:27:52,65.01,922.99,36.95,15.94,23.04,0.31,0.04,14,16.29,49.87,2551.99,0.33,0.13,64,100
27:56.8,13:27:57,13:27:57,64.95,923.82,36.02,15.94,22.81,0.26,0.05,14,16.13,48.58,2461.3,0.33,0.13,64,100
28:01.9,13:28:02,13:28:02,65.04,922.48,36.12,15.54,22.55,0.27,0.04,13.5,15.94,48.41,2425.07,0.33,0.13,64,100
28:07.0,13:28:07,13:28:07,65.1,921.68,36.29,15.85,22.95,0.29,0.06,13.5,16.23,48.86,2491.32,0.33,0.13,64,100
28:12.1,13:28:12,13:28:12,65.27,919.23,37.28,15.83,23.38,0.29,0.04,16,16.52,49.56,2572.68,0.33,0.13,64,100
28:17.1,13:28:17,13:28:17,65.52,915.73,39.61,15.85,23.16,0.29,0.06,19,16.37,53.51,2751.93,0.31,0.13,64,100
28:22.2,13:28:22,13:28:22,65.6,914.64,39.26,15.6,23.38,0.31,0.05,19,16.54,53.23,2765.12,0.31,0.13,64,100
28:27.3,13:28:27,13:28:27,65.68,913.5,39.06,15.47,23.52,0.33,0.05,22,16.63,52.88,2762.84,0.31,0.13,64,100
28:32.4,13:28:32,13:28:32,65.73,912.85,38.56,15.12,23.31,0.35,0.04,23,16.48,52.19,2702.01,0.32,0.13,64,100
28:37.5,13:28:37,13:28:37,65.78,912.19,37.99,15.12,22.96,0.31,0.05,23.5,16.24,51.39,2621.4,0.32,0.13,64,100
28:42.6,13:28:43,13:28:43,65.68,913.47,37.85,15.1,22.96,0.33,0.05,23.5,16.23,51.1,2605.8,0.32,0.23,64,100
28:47.8,13:28:48,13:28:48,65.68,913.46,37.38,14.99,23.06,0.32,0.05,23,16.3,50.44,2583.35,0.32,0.23,64,100
28:52.9,13:28:53,13:28:53,65.7,913.23,36.86,14.93,23.12,0.34,0.05,22,16.35,49.67,2550.81,0.33,0.23,64,100
28:58.2,13:28:58,13:28:58,65.63,914.25,36.71,14.86,23.08,0.34,0.05,23,16.32,49.45,2535.37,0.33,0.23,64,100
29:03.3,13:29:03,13:29:03,65.6,914.59,36.29,14.83,22.87,0.34,0.05,22,16.17,48.86,2482.36,0.33,0.23,64,100
29:08.6,13:29:09,13:29:09,65.78,912.18,38.57,15.01,23.38,0.36,0.05,22.5,16.53,52,2700.25,0.32,0.23,66,100
29:13.7,13:29:14,13:29:14,65.77,912.29,38.4,15.08,23.69,0.38,0.05,22,16.75,51.8,2726.06,0.32,0.23,66,100
29:19.0,13:29:19,13:29:19,65.87,910.94,39.05,15.34,24.1,0.38,0.05,22.5,17.04,52.66,2819.43,0.32,0.23,66,100
29:24.1,13:29:24,13:29:24,65.8,911.89,38.99,15.28,24.04,0.37,0.06,22.5,17,52.57,2807.53,0.32,0.23,66,100
29:29.4,13:29:29,13:29:29,65.8,911.8,39,15.67,24.37,0.36,0.07,23,17.23,52.36,2834.01,0.33,0.13,66,100
29:34.6,13:29:35,13:29:35,65.74,912.74,39.08,16.03,24.84,0.37,0.07,22,17.57,52.51,2897.99,0.33,0.13,66,100
29:39.9,13:29:40,13:29:40,65.68,913.56,39.03,15.87,24.69,0.37,0.07,21.5,17.46,52.43,2875.41,0.33,0.13,66,100
29:45.0,13:29:45,13:29:45,65.65,913.94,38.62,15.79,24.55,0.37,0.07,22,17.36,51.87,2829.35,0.33,0.23,66,100
29:50.3,13:29:50,13:29:50,65.69,913.34,38.38,15.58,24.51,0.37,0.06,22.5,17.33,51.46,2801.67,0.34,0.23,66,100
29:55.5,13:29:55,13:29:55,65.68,913.55,38.18,16.1,25.29,0.37,0.07,21.5,17.88,51.03,2866.75,0.35,0.23,64,100
30:00.7,13:30:01,13:30:01,65.7,913.2,38.52,16.1,25.2,0.38,0.07,22,17.82,51.42,2878.21,0.35,0.23,64,100
30:05.9,13:30:06,13:30:06,66.14,907.22,50.22,16.21,25.56,0.39,0.07,24,18.07,68.03,3861.63,0.27,0.23,64,100
30:11.1,13:30:11,13:30:11,66.49,902.34,57.74,18.77,27.93,0.4,0.08,24.5,19.74,78.79,4887.22,0.25,0.13,66,100
30:16.3,13:30:16,13:30:16,66.76,898.78,61.69,19.54,28.88,0.41,0.09,26,20.42,84.85,5442.32,0.24,0.13,66,100
30:21.6,13:30:22,13:30:22,66.66,900.06,61.56,19.16,28.65,0.41,0.09,26,20.26,84.8,5396.28,0.24,0.13,66,100
30:26.7,13:30:27,13:30:27,66.56,901.46,61.86,19.08,28.57,0.41,0.09,26,20.2,85.23,5409.73,0.24,0.13,66,100
30:32.0,13:30:32,13:30:32,66.44,903.09,62.18,19.17,28.67,0.41,0.1,26,20.27,85.68,5455.86,0.24,0.13,66,100
30:37.2,13:30:37,13:30:37,66.31,904.82,62.89,18.93,28.27,0.4,0.09,26.5,19.99,86.7,5445.28,0.23,0.13,66,100
30:42.4,13:30:42,13:30:42,66.22,906.14,63.16,18.86,28.08,0.4,0.09,27,19.86,87.16,5437.83,0.23,0.13,66,100
30:47.6,13:30:48,13:30:48,66.13,907.27,63.03,18.86,28,0.39,0.09,28,19.8,87.07,5416.49,0.23,0.13,64,100
30:52.8,13:30:53,13:30:53,66.03,908.73,63.3,18.57,27.52,0.38,0.08,27.5,19.46,87.42,5344.25,0.22,0.13,64,100
30:58.0,13:30:58,13:30:58,65.94,909.9,63.45,18.45,27.4,0.38,0.08,28,19.38,87.72,5340.04,0.22,0.23,64,100
31:03.2,13:31:03,13:31:03,65.94,909.94,63.15,18.54,27.74,0.39,0.08,28,19.61,87.15,5370.18,0.23,0.23,64,100
31:08.4,13:31:08,13:31:08,66.02,908.78,63.22,18.68,27.86,0.4,0.09,29,19.7,87.36,5405.78,0.23,0.23,64,100
31:13.6,13:31:14,13:31:14,66.11,907.62,63.21,18.51,27.74,0.39,0.09,30,19.62,87.34,5382.26,0.22,0.13,64,100
31:18.8,13:31:19,13:31:19,66.19,906.52,63.14,18.36,27.49,0.4,0.08,31,19.44,87.22,5325.5,0.22,0.13,64,100
31:24.0,13:31:24,13:31:24,66.22,906.03,62.69,18.28,27.43,0.4,0.08,32,19.39,86.64,5278.04,0.22,0.13,64,100
31:29.2,13:31:29,13:31:29,66.24,905.79,62.47,18.59,27.82,0.4,0.08,32,19.67,86.24,5329.04,0.23,0.13,64,100
31:34.4,13:31:34,13:31:34,66.33,904.59,62.48,18.86,28.15,0.4,0.08,32.5,19.91,86.21,5391.71,0.23,0.13,66,100
31:39.7,13:31:40,13:31:40,66.41,903.46,62.43,18.86,28.13,0.4,0.09,33,19.89,86.14,5382.78,0.23,0.13,66,100
31:44.9,13:31:45,13:31:45,66.51,902.1,62.63,18.85,28.24,0.42,0.09,37,19.97,86.35,5416.8,0.23,0.13,66,100
31:50.1,13:31:50,13:31:50,66.64,900.32,63.04,18.91,28.42,0.42,0.09,39,20.09,86.94,5488.47,0.23,0.13,66,100
31:55.3,13:31:55,13:31:55,66.72,899.35,62.94,19.09,28.71,0.42,0.09,38,20.3,86.79,5535.48,0.23,0.13,66,100
32:00.5,13:32:01,13:32:01,66.7,899.61,63.14,18.98,28.55,0.41,0.09,39.5,20.19,87.01,5518.86,0.23,0.13,64,100
32:05.8,13:32:06,13:32:06,66.72,899.28,63,19.22,28.85,0.41,0.09,39,20.4,86.85,5567.22,0.23,0.23,66,100
32:11.0,13:32:11,13:32:11,66.8,898.2,63.23,19.17,29,0.42,0.09,40,20.51,87.1,5611.47,0.24,0.23,66,100
32:16.2,13:32:16,13:32:16,66.79,898.33,63.12,18.96,28.99,0.44,0.1,40,20.5,86.97,5599.72,0.24,0.23,64,100
32:21.5,13:32:21,13:32:21,66.83,897.74,63.1,19.01,28.96,0.43,0.1,41,20.48,86.89,5590.42,0.24,0.23,66,100
32:26.7,13:32:27,13:32:27,66.9,896.91,63.09,18.86,28.93,0.44,0.09,40,20.46,86.93,5586.63,0.24,0.23,66,100
39:47.7,13:39:48,13:39:48,70.45,851.66,82.98,28.23,47.17,0.69,0.26,46,33.28,108.88,11385,0.31,0.13,68,69
39:52.7,13:39:53,13:39:53,70.2,854.74,78.43,25.72,43.4,0.66,0.21,43.5,30.47,104.16,9972.09,0.29,0.13,66,71
39:57.8,13:39:58,13:39:58,69.8,859.54,78.05,27.53,47.35,0.71,0.29,42,33.31,102.79,10756,0.32,0.13,66,72
40:02.8,13:40:03,13:40:03,69.45,863.96,77.71,26.86,46.34,0.68,0.26,42,32.58,102.39,10478.87,0.32,0.13,66,74
40:07.9,13:40:08,13:40:08,69.21,866.99,76,26.32,45.18,0.67,0.24,38,31.79,100.22,10010.45,0.32,0.13,68,74
40:12.9,13:40:13,13:40:13,68.74,872.82,71.73,25.05,43.57,0.66,0.25,38,30.62,89.89,8647.75,0.34,0.13,68,75
40:18.0,13:40:18,13:40:18,68.96,870.07,73.21,26.13,44.2,0.67,0.22,37.5,31.15,96.37,9432.49,0.32,0.13,68,77
40:23.1,13:40:23,13:40:23,68.84,871.6,71.8,26.16,43.99,0.64,0.24,36.5,31.03,94.31,9192.76,0.33,0.13,68,77
40:28.1,13:40:28,13:40:28,68.48,876.17,66.97,24.05,40.91,0.63,0.22,32.5,28.86,84.05,7620.24,0.34,0.13,66,78
40:33.2,13:40:33,13:40:33,68.7,873.42,68.79,24.82,41.88,0.66,0.2,33,29.51,90.29,8371.3,0.33,0.13,66,79
40:38.3,13:40:38,13:40:38,68.7,873.39,67.92,25.91,43.03,0.64,0.2,32,30.35,88.85,8470.84,0.34,0.13,66,80
40:43.4,13:40:43,13:40:43,68.85,871.43,67.18,25.99,42.69,0.63,0.21,32,30.15,87.57,8295.89,0.34,0.13,68,81
40:48.5,13:40:48,13:40:48,68.92,870.53,66.13,25.87,42.5,0.64,0.2,33,30.01,86.38,8142.82,0.35,0.13,68,81
40:53.6,13:40:54,13:40:54,69.03,869.18,65.72,25.77,42.65,0.65,0.21,33,30.09,85.86,8116.52,0.35,0.13,68,82
40:58.7,13:40:59,13:40:59,69.05,868.94,64.68,25.77,42.55,0.64,0.21,33,30.03,84.4,7963.52,0.36,0.13,68,83
41:03.8,13:41:04,13:41:04,69.07,868.74,64.07,25.61,42.56,0.64,0.22,34,30.03,83.43,7871.64,0.36,0.13,68,83
41:08.8,13:41:09,13:41:09,69.06,868.83,63.31,25.66,43.04,0.64,0.22,33,30.39,82.33,7860.79,0.37,0.23,68,83
41:13.9,13:41:14,13:41:14,69.18,867.3,62.82,25.42,42.75,0.64,0.22,35,30.2,81.7,7750.01,0.37,0.23,68,84
41:19.2,13:41:19,13:41:19,69.22,866.85,61.94,25.01,42.35,0.65,0.21,36,29.92,80.41,7558.63,0.37,0.23,68,84
41:24.3,13:41:24,13:41:24,69.22,866.74,61.75,25.36,42.57,0.65,0.21,36,30.07,80.25,7580.94,0.37,0.23,68,84
41:29.6,13:41:30,13:41:30,69.24,866.52,60.8,25.37,41.97,0.65,0.2,35,29.65,78.99,7357.24,0.38,0.23,68,85
41:34.7,13:41:35,13:41:35,69.24,866.5,60.02,25.23,41.76,0.63,0.2,35,29.5,77.88,7216.97,0.38,0.23,68,85
41:40.0,13:41:40,13:41:40,69.24,866.59,59.41,24.9,41.62,0.63,0.19,34,29.39,76.95,7105.83,0.38,0.23,68,86
41:45.1,13:41:45,13:41:45,69.3,865.74,58.66,24.88,41.38,0.63,0.19,35,29.24,75.99,6979.42,0.38,0.23,68,86
41:50.4,13:41:50,13:41:50,69.37,864.93,58.23,24.89,41.48,0.64,0.2,36,29.31,75.28,6932.24,0.39,0.23,68,86
41:55.5,13:41:56,13:41:56,69.32,865.59,56.18,24.35,40.71,0.63,0.2,35,28.77,70.51,6372.43,0.41,0.23,68,86
42:00.9,13:42:01,13:42:01,69.27,866.22,55.87,24.42,40.68,0.62,0.2,35,28.75,70.1,6330.34,0.41,0.23,69,87
42:06.0,13:42:06,13:42:06,69.51,863.2,57.37,24.85,41.07,0.63,0.21,35,29.03,74.14,6761.05,0.39,0.23,69,87
42:11.3,13:42:11,13:42:11,69.54,862.84,56.83,24.71,41,0.62,0.2,35,28.97,73.51,6689.7,0.39,0.23,69,87
42:16.4,13:42:16,13:42:16,69.62,861.78,57.14,24.6,41.05,0.63,0.19,34.5,29.01,73.86,6731.98,0.39,0.23,69,87
42:21.7,13:42:22,13:42:22,69.76,860.15,57.68,24.36,40.87,0.63,0.2,35,28.88,74.95,6800.18,0.39,0.23,69,87
42:26.9,13:42:27,13:42:27,69.84,859.08,57.45,24.36,40.65,0.62,0.2,36,28.73,74.51,6725.37,0.39,0.23,69,88
42:32.1,13:42:32,13:42:32,69.98,857.44,57.63,24.25,40.39,0.63,0.19,36,28.55,74.89,6717.07,0.38,0.23,69,88
42:37.3,13:42:37,13:42:37,69.96,857.58,56.93,24.16,40.3,0.63,0.19,36,28.48,74.08,6627.62,0.38,0.23,69,88
42:42.5,13:42:43,13:42:43,70.07,856.26,57.13,24.04,40.47,0.62,0.2,37,28.61,74.36,6683.27,0.38,0.23,69,88
42:47.7,13:42:48,13:42:48,70.2,854.73,57.33,23.93,40.21,0.63,0.19,38,28.43,74.66,6667.94,0.38,0.23,69,88
42:52.9,13:42:53,13:42:53,70.37,852.59,58.46,23.91,40.35,0.62,0.21,39.5,28.53,76.05,6815.64,0.38,0.23,69,88
42:58.1,13:42:58,13:42:58,70.43,851.88,57.93,23.83,40.02,0.62,0.2,39.5,28.29,75.85,6741.6,0.37,0.23,69,88
43:03.3,13:43:03,13:43:03,70.45,851.72,57.49,23.52,39.72,0.62,0.19,39,28.07,75.25,6635.41,0.37,0.23,69,88
43:08.5,13:43:09,13:43:09,70.45,851.73,57.11,23.46,39.66,0.63,0.19,39,28.03,74.7,6576.7,0.38,0.23,69,88
43:13.7,13:43:14,13:43:14,70.37,852.59,55.54,22.77,38.87,0.63,0.18,38,27.48,71.42,6165.29,0.38,0.23,69,89
43:18.9,13:43:19,13:43:19,70.51,850.89,56.3,23.31,39.26,0.62,0.19,38,27.76,73.55,6413.25,0.38,0.23,69,88
43:24.1,13:43:24,13:43:24,70.55,850.48,56.02,23.38,39.39,0.63,0.19,37,27.84,73.18,6400.87,0.38,0.23,71,88
43:29.3,13:43:29,13:43:29,70.56,850.36,55.52,23.16,39.05,0.63,0.19,37,27.61,72.53,6290.6,0.38,0.23,71,89
43:34.5,13:43:35,13:43:35,70.63,849.56,55.43,23.04,38.96,0.63,0.19,37,27.54,72.21,6248.86,0.38,0.23,71,89
43:39.7,13:43:40,13:43:40,70.63,849.5,54.98,22.99,38.98,0.63,0.18,37,27.55,71.77,6212.35,0.38,0.23,71,89
43:45.0,13:43:45,13:43:45,70.64,849.36,54.32,22.39,38.33,0.63,0.17,37,27.1,69.97,5957.2,0.39,0.23,71,89
43:50.2,13:43:50,13:43:50,70.87,846.6,56.47,23.02,39.04,0.63,0.19,39,27.6,73.87,6405.88,0.37,0.23,71,89
43:55.4,13:43:55,13:43:55,71.12,843.65,58.54,22.91,38.8,0.63,0.19,40.5,27.44,76.65,6607.1,0.36,0.23,71,89
44:00.6,13:44:01,13:44:01,71.28,841.72,58.09,22.7,38.44,0.63,0.18,41,27.18,76.67,6545.94,0.35,0.23,71,89
44:05.8,13:44:06,13:44:06,71.42,840.16,58.14,22.92,38.64,0.62,0.18,40.5,27.32,76.5,6566.07,0.36,0.23,71,89
44:11.1,13:44:11,13:44:11,71.32,841.32,55.25,22.66,38.34,0.63,0.18,40,27.11,73.37,6248.56,0.37,0.23,71,94
44:16.3,13:44:16,13:44:16,71.16,843.2,53.86,22.13,37.8,0.62,0.19,39.5,26.73,71.06,5966.57,0.38,0.23,71,94
55:23.7,13:55:24,13:55:24,66.08,907.94,63.18,26.69,38.51,0.51,0.13,27.5,27.21,84.35,7211.06,0.32,0.13,64,88
55:28.8,13:55:29,13:55:29,66.32,904.73,63.84,28.54,40.84,0.51,0.16,28,28.85,85.02,7705.65,0.34,0.13,64,88
55:33.9,13:55:34,13:55:34,66.18,906.61,62.14,27.62,40.31,0.53,0.15,29,28.45,82.34,7360.48,0.35,0.13,64,89
55:38.9,13:55:39,13:55:39,66.22,906.11,63.74,28.94,42.08,0.54,0.19,30,29.75,82.81,7740.96,0.36,0.13,64,89
55:44.0,13:55:44,13:55:44,66.31,904.84,65.18,29.76,43.59,0.58,0.21,31,30.8,86.42,8361.11,0.36,0.13,64,89
55:49.0,13:55:49,13:55:49,66.44,903.08,63.69,29,42.42,0.55,0.2,34,29.99,84.36,7948.33,0.36,0.13,64,89
55:54.1,13:55:54,13:55:54,66.85,897.47,66.53,28.22,41.82,0.56,0.19,36,29.57,88.25,8197.29,0.34,0.13,64,89
55:59.2,13:55:59,13:55:59,67.2,892.82,67.54,27.75,41.26,0.57,0.19,37,29.17,90.47,8292.46,0.32,0.13,64,89
56:04.2,13:56:04,13:56:04,67.9,883.65,74.42,27.38,40.53,0.55,0.18,46,28.66,100.58,9054.4,0.28,0.13,64,89
56:09.3,13:56:09,13:56:09,68.21,879.68,74.93,26.76,39.71,0.56,0.18,48.5,28.08,102.2,9015.63,0.27,0.13,64,90
56:14.4,13:56:14,13:56:14,68.74,872.86,77.96,26.34,38.71,0.53,0.17,57,27.37,106.36,9144.98,0.26,0.13,64,88
56:19.5,13:56:19,13:56:19,69.17,867.47,79.54,26.39,38.71,0.51,0.17,62,27.37,108.61,9339.01,0.25,0.13,64,89
56:24.5,13:56:25,13:56:25,69.53,862.92,80.84,25.55,37.49,0.51,0.15,70.5,26.51,111.05,9248.72,0.24,0.13,64,89
56:29.6,13:56:30,13:56:30,69.83,859.26,80.68,25.08,37.01,0.53,0.15,72,26.17,111.09,9133.32,0.24,0.13,64,89
56:34.7,13:56:35,13:56:35,70.27,853.91,83.04,25.06,37.28,0.51,0.15,75,26.36,114.08,9445.92,0.23,0.13,64,88
56:39.8,13:56:40,13:56:40,70.2,854.75,82.69,25.82,38.37,0.54,0.15,75,27.13,113.9,9707.24,0.24,0.13,64,88
56:44.9,13:56:45,13:56:45,70.07,856.23,82.09,26.06,38.68,0.52,0.17,73,27.34,112.8,9687.82,0.24,0.13,64,88
56:50.0,13:56:50,13:56:50,69.88,858.65,83.29,25.84,38.7,0.54,0.17,73.5,27.35,114.37,9827.99,0.24,0.13,64,88
56:55.3,13:56:55,13:56:55,69.5,863.28,84.76,25.66,38.22,0.54,0.16,73,27.02,116.8,9913.11,0.23,0.13,64,89
57:00.4,13:57:00,13:57:00,69.19,867.13,85.89,25.29,37.86,0.53,0.16,70,26.76,118.43,9957.13,0.23,0.13,64,89
57:05.6,13:57:06,13:57:06,69,869.58,86.03,25.08,37.62,0.53,0.16,69.5,26.6,118.8,9927.1,0.22,0.13,64,89
57:10.8,13:57:11,13:57:11,68.77,872.45,86.3,24.78,37.39,0.54,0.15,68,26.43,119.29,9905.09,0.22,0.13,64,89
57:16.0,13:57:16,13:57:16,68.67,873.7,85.65,24.85,37.37,0.53,0.16,67,26.42,118.35,9824.72,0.22,0.13,64,90
57:21.2,13:57:21,13:57:21,68.56,875.2,84.94,24.69,37.15,0.53,0.15,64,26.26,117.19,9668.49,0.22,0.13,64,90
57:26.5,13:57:26,13:57:26,68.43,876.8,84.55,24.58,37.05,0.51,0.15,57.5,26.19,116.73,9604.37,0.22,0.13,64,90
57:31.6,13:57:32,13:57:32,68.36,877.76,83.8,24.73,37.42,0.53,0.16,56,26.45,115.59,9606.07,0.23,0.13,64,90
57:36.9,13:57:37,13:57:37,68.37,877.51,82.97,25.21,38.05,0.53,0.18,56,26.9,114.26,9656.93,0.24,0.13,64,90
57:42.0,13:57:42,13:57:42,68.45,876.59,82.77,25.13,37.87,0.53,0.17,59,26.78,114.01,9590.35,0.23,0.13,64,91
57:47.3,13:57:47,13:57:47,68.43,876.75,82.15,25.09,37.91,0.53,0.17,59,26.81,113.33,9543.43,0.24,0.13,64,91
57:52.4,13:57:52,13:57:52,68.61,874.45,82.37,25.04,38.07,0.54,0.17,62,26.92,113.58,9605.31,0.24,0.13,64,90
57:57.7,13:57:58,13:57:58,68.67,873.73,81.44,24.77,37.52,0.52,0.16,63,26.53,112.32,9361.49,0.24,0.13,64,91
58:02.8,13:58:03,13:58:03,68.88,871.1,81.8,24.68,37.34,0.53,0.16,66,26.4,112.82,9358.7,0.23,0.13,64,90
58:08.1,13:58:08,13:58:08,69.11,868.16,82.55,24.5,36.95,0.54,0.16,69,26.12,113.87,9345.87,0.23,0.13,64,90
58:13.3,13:58:13,13:58:13,69.33,865.47,83.19,24.33,36.51,0.52,0.15,72,25.82,115.09,9334.52,0.22,0,64,90
58:18.6,13:58:19,13:58:19,69.59,862.18,84.62,24.12,36.19,0.53,0.15,73,25.59,116.77,9385.96,0.22,0.13,64,90
58:23.7,13:58:24,13:58:24,69.82,859.38,85.59,23.94,36.26,0.53,0.15,78.5,25.64,118.64,9556.26,0.22,0.13,64,90
58:29.0,13:58:29,13:58:29,69.98,857.39,85.52,23.59,35.93,0.54,0.14,78,25.4,118.51,9458.06,0.21,0.13,64,90
58:34.2,13:58:34,13:58:34,70.14,855.38,85.97,23.76,36.01,0.53,0.14,79,25.47,119.23,9538.32,0.21,0.13,64,90
58:39.4,13:58:39,13:58:39,70.21,854.53,85.28,23.42,35.74,0.52,0.14,79,25.27,118.26,9389.41,0.21,0.13,64,90
58:44.6,13:58:45,13:58:45,70.14,855.38,84.86,23.4,35.75,0.52,0.14,77,25.28,117.62,9341.17,0.21,0.13,64,90
58:49.8,13:58:50,13:58:50,70.08,856.15,84.21,23.38,35.61,0.53,0.14,76,25.18,116.72,9233.7,0.22,0.13,64,90
58:55.0,13:58:55,13:58:55,69.97,857.56,84.16,23.48,35.92,0.53,0.15,77,25.4,116.56,9300.47,0.22,0.13,64,90
59:00.2,13:59:00,13:59:00,69.91,858.28,83.68,24.01,36.61,0.52,0.15,75,25.89,115.77,9414.45,0.22,0.13,64,90
59:05.4,13:59:05,13:59:05,69.86,858.88,83.19,23.82,36.4,0.52,0.15,74,25.74,115.09,9307,0.22,0,64,90
59:10.6,13:59:11,13:59:11,69.76,860.08,82.91,24,36.41,0.52,0.16,72,25.75,114.61,9269.97,0.22,0.13,64,91
59:15.8,13:59:16,13:59:16,69.67,861.22,82.65,23.95,36.36,0.52,0.16,71,25.71,114.27,9228.2,0.22,0.13,64,91
59:21.0,13:59:21,13:59:21,69.63,861.73,82.48,23.86,36.27,0.52,0.16,71,25.64,113.95,9180.28,0.23,0.13,64,91
59:26.2,13:59:26,13:59:26,69.69,861.01,82.28,23.58,36.24,0.54,0.15,70,25.63,113.83,9164.17,0.23,0.13,64,88
59:31.4,13:59:31,13:59:31,69.74,860.37,82.19,23.15,35.33,0.51,0.15,72,24.98,113.88,8938.03,0.22,0.13,66,89
59:36.6,13:59:37,13:59:37,69.73,860.49,81.43,22.27,34.41,0.5,0.14,69,24.33,112.84,8625.19,0.22,0.13,66,90
59:41.8,13:59:42,13:59:42,69.76,860.1,81.12,21.7,33.95,0.51,0.14,68,24.01,112.47,8483.13,0.21,0.13,64,91
59:47.0,13:59:47,13:59:47,69.83,859.17,80.88,21.85,34.27,0.51,0.14,70.5,24.24,112.03,8529.85,0.22,0.13,66,90
59:52.2,13:59:52,13:59:52,69.97,857.48,80.3,22.51,35.08,0.52,0.14,69.5,24.8,110.9,8641.03,0.22,0.13,66,90
59:57.4,13:59:57,13:59:57,70.15,855.26,79.93,22.75,35.55,0.54,0.14,70,25.14,110.34,8713.37,0.23,0.13,66,89
00:02.7,14:00:03,14:00:03,70.34,853.02,79.49,22.79,35.6,0.53,0.14,69,25.16,109.61,8664.84,0.23,0.13,66,88
00:07.9,14:00:08,14:00:08,70.44,851.81,78.79,22.75,35.54,0.53,0.14,67,25.13,108.7,8581.46,0.23,0.13,66,90
00:13.1,14:00:13,14:00:13,70.45,851.69,78.77,22.94,35.9,0.53,0.16,67.5,25.38,108.58,8656.74,0.23,0.13,66,88
00:18.3,14:00:18,14:00:18,70.64,849.33,77.45,22.97,35.92,0.53,0.15,66,25.39,106.55,8499.24,0.24,0.17,66,86
